Protein Identifier,seq_len,num_motifs,motif_density,avg_hydro,std_hydro,max_hydro,min_hydro,hydrophobic_fraction
Q9BYF1,805,7,0.008695652173913044,-0.3750310559006211,3.025885861608586,4.5,-4.5,0.36149068322981365
P0DTC2,1273,22,0.01728201099764336,-0.07918303220738414,3.00204935898352,4.5,-4.5,0.3857030636292223
P68400,391,2,0.005115089514066497,-0.4762148337595908,3.0795376134942307,4.5,-4.5,0.34782608695652173
Q8NFJ9,593,1,0.0016863406408094434,-0.03743676222596965,3.0509636616240994,4.5,-4.5,0.41652613827993257
Q3SYG4,887,5,0.005636978579481398,-0.18951521984216457,3.09377534340698,4.5,-4.5,0.38218714768883877
Q9BXC9,721,8,0.011095700416088766,-0.1517337031900139,3.1108196343286387,4.5,-4.5,0.391123439667129
Q8IWZ6,715,3,0.004195804195804196,-0.2653146853146853,3.1437494437866413,4.5,-4.5,0.36923076923076925
Q96RK4,519,1,0.0019267822736030828,-0.27514450867052026,3.0369939262717756,4.5,-4.5,0.3969171483622351
Q15154,2024,24,0.011857707509881422,-0.9556324110671937,2.950374782794471,4.5,-4.5,0.2855731225296443
Q8N3I7,341,6,0.017595307917888565,-0.2668621700879766,3.1686030958836393,4.5,-4.5,0.3724340175953079
Q8TAM2,541,4,0.0073937153419593345,-0.33049907578558235,3.0312502881070165,4.5,-4.5,0.38632162661737524
Q9NQ48,299,0,0.0,-0.7571906354515051,3.2367827662715807,4.5,-4.5,0.3511705685618729
Q6ZW61,710,12,0.016901408450704224,-0.026619718309859198,3.1113709870033364,4.5,-4.5,0.4
Q9NPJ1,570,3,0.005263157894736842,0.1701754385964912,3.0713769077682693,4.5,-4.5,0.4192982456140351
A8MTZ0,92,1,0.010869565217391304,-0.5434782608695654,3.145331403975066,4.5,-4.5,0.391304347826087
Q3V3N7,593,2,0.003372681281618887,-0.04317032040472179,3.0447518886995857,4.5,-4.5,0.4114671163575042
Q9CWF6,721,8,0.011095700416088766,-0.180998613037448,3.1020528483222987,4.5,-4.5,0.3855755894590846
P61006,207,1,0.004830917874396135,-0.3806763285024154,3.1766986063102336,4.5,-4.5,0.37681159420289856
Q96QF0,476,2,0.004201680672268907,-0.45168067226890757,2.990906615965259,4.5,-4.5,0.34663865546218486
P48553,1259,7,0.005559968228752979,-0.26322478157267676,3.038522501017115,4.5,-4.5,0.3709293089753773
Q8NCK7,447,0,0.0,0.7930648769574943,2.6097170430925996,4.5,-4.5,0.49440715883668906
Q96Q05,1148,6,0.005226480836236934,-0.22369337979094078,3.0712666836132207,4.5,-4.5,0.3719512195121951
Q08850,298,1,0.003355704697986577,-0.5583892617449664,3.315169540668263,4.5,-4.5,0.36577181208053694
P63045,116,1,0.008620689655172414,0.004310344827586237,3.125821057417784,4.5,-4.5,0.4396551724137931
P27986,724,7,0.009668508287292817,-0.7160220994475138,3.067958213816081,4.5,-4.5,0.31077348066298344
P0DJI6,106,0,0.0,-0.5377358490566038,2.774494780805119,4.5,-4.5,0.32075471698113206
Q9R1E0,652,12,0.018404907975460124,-0.5811349693251533,2.6364766529010804,4.5,-4.5,0.29754601226993865
Q9H0F7,186,0,0.0,-0.18817204301075272,3.2389215469976276,4.5,-4.5,0.3870967741935484
O09044,210,3,0.014285714285714285,-0.8638095238095237,3.030043966662744,4.5,-4.5,0.3
O95273,360,2,0.005555555555555556,-0.1930555555555556,3.1620108927393766,4.5,-4.5,0.41388888888888886
P78371,535,2,0.003738317757009346,-0.014766355140186887,3.1368516110141758,4.5,-4.5,0.4355140186915888
P55042,308,1,0.003246753246753247,-0.49610389610389616,2.9900241739213698,4.5,-4.5,0.34415584415584416
Q9Y4H2,1338,4,0.0029895366218236174,-0.5056053811659192,2.576229147718715,4.5,-4.5,0.296711509715994
Q60700,888,0,0.0,-0.5793918918918919,2.8727425276561993,4.5,-4.5,0.30180180180180183
P37238,505,0,0.0,-0.298019801980198,3.112605485842845,4.5,-4.5,0.38811881188118813
P05026,303,3,0.009900990099009901,-0.5778877887788779,3.060674577915315,4.5,-4.5,0.3201320132013201
O76024,890,5,0.0056179775280898875,0.05179775280898874,3.058203578513929,4.5,-4.5,0.42696629213483145
Q14643,2758,20,0.007251631617113851,-0.31450326323422767,3.176271699746889,4.5,-4.5,0.3843364757070341
Q96EB6,747,2,0.002677376171352075,-0.5512717536813923,2.9915334102022153,4.5,-4.5,0.34002677376171353
P06213,1382,19,0.013748191027496382,-0.3593342981186686,3.034416022698464,4.5,-4.5,0.3552821997105644
Q80U30,1036,8,0.007722007722007722,-0.2791505791505791,3.0738229772504204,4.5,-4.5,0.3696911196911197
P20393,614,6,0.009771986970684038,-0.48664495114006506,2.809589931651597,4.5,-4.5,0.32247557003257327
Q8BH75,317,0,0.0,-0.3394321766561514,3.173449146953863,4.5,-4.5,0.3943217665615142
Q00535,292,1,0.003424657534246575,-0.31061643835616454,3.145695628929596,4.5,-4.5,0.3835616438356164
O35567,592,1,0.0016891891891891893,-0.06418918918918923,3.0714302534886393,4.5,-4.5,0.4172297297297297
P15127,1383,19,0.01373825018076645,-0.38756326825741144,3.0244850512397696,4.5,-4.5,0.3485177151120752
P48356,1162,20,0.01721170395869191,-0.15464716006884685,3.007809672091078,4.5,-4.5,0.37005163511187605
P62491,216,1,0.004629629629629629,-0.42083333333333334,3.132606483366468,4.5,-4.5,0.35648148148148145
Q9WVH4,672,8,0.011904761904761904,-0.5474702380952381,2.6982235391033433,4.5,-4.5,0.3020833333333333
Q14449,540,0,0.0,-0.44148148148148153,2.979010155893451,4.5,-4.5,0.35185185185185186
P35568,1242,7,0.005636070853462158,-0.6754428341384864,2.6334771877849854,4.5,-4.5,0.27375201288244766
F1MWF1,1282,20,0.015600624024960999,-0.2693447737909517,3.075694212773989,4.5,-4.5,0.3627145085803432
O14901,512,1,0.001953125,-0.301953125,2.8881959547099183,4.5,-4.5,0.359375
A2A935,1275,6,0.004705882352941176,-0.6827450980392157,2.842945226780842,4.5,-4.5,0.30901960784313726
Q9NTG7,399,1,0.002506265664160401,-0.07268170426065165,3.045598422448066,4.5,-4.5,0.39849624060150374
P56726,793,4,0.005044136191677175,-0.035687263556116046,2.963949014142793,4.5,-4.5,0.4047919293820933
P38646,679,3,0.004418262150220913,-0.4002945508100148,3.075864508692128,4.5,-4.5,0.3711340206185567
Q3UJU9,470,0,0.0,-0.5791489361702128,2.983014204420667,4.5,-4.5,0.3446808510638298
P21796,283,2,0.007067137809187279,-0.41095406360424036,2.850414415597499,4.5,-4.5,0.3215547703180212
O75376,2440,11,0.004508196721311476,-0.9228688524590165,2.84045452940546,4.5,-4.5,0.2635245901639344
Q63503,615,5,0.008130081300813009,-0.45235772357723586,2.80811659860901,4.5,-4.5,0.3252032520325203
O88848,186,0,0.0,-0.19354838709677424,3.2129545057875997,4.5,-4.5,0.3817204301075269
Q02248,781,5,0.006402048655569782,-0.17067861715749041,3.0401871994751626,4.5,-4.5,0.4033290653008963
P11881,2749,20,0.007275372862859221,-0.3188432157148054,3.174851383936867,4.5,-4.5,0.3826846125863951
Q9UBK2,798,7,0.008771929824561403,-1.1043859649122807,2.782597785792487,4.5,-4.5,0.23809523809523808
P30405,207,3,0.014492753623188406,-0.19178743961352654,2.9091360659945513,4.5,-4.5,0.3526570048309179
Q15907,218,2,0.009174311926605505,-0.4353211009174312,3.1442958602089637,4.5,-4.5,0.3577981651376147
P70452,298,1,0.003355704697986577,-0.5570469798657718,3.3151524210772116,4.5,-4.5,0.36577181208053694
Q60770,592,9,0.015202702702702704,-0.4420608108108109,3.171633852385761,4.5,-4.5,0.36486486486486486
Q57UH8,189,0,0.0,-0.14920634920634923,3.012138038104265,4.5,-4.5,0.3915343915343915
P63044,116,1,0.008620689655172414,0.004310344827586237,3.125821057417784,4.5,-4.5,0.4396551724137931
P67870,215,2,0.009302325581395349,-0.46093023255813953,2.9853065083205235,4.5,-4.5,0.3581395348837209
Q8C1Z7,520,0,0.0,-0.22846153846153847,3.0635382915683174,4.5,-4.5,0.4096153846153846
Q8K2G4,715,4,0.005594405594405594,-0.295944055944056,3.123127856054227,4.5,-4.5,0.3594405594405594
P11021,654,0,0.0,-0.48669724770642203,3.13394024297965,4.5,-4.5,0.3470948012232416
Q9Y296,219,0,0.0,-0.013242009132420105,3.05562704083212,4.5,-4.5,0.4155251141552511
Q6PCB8,327,10,0.03058103975535168,-0.3929663608562691,3.046687589494787,4.5,-4.5,0.345565749235474
O43617,180,2,0.011111111111111112,-0.22999999999999998,3.1620475082522783,4.5,-4.5,0.4
Q8VD72,515,5,0.009708737864077669,-0.31475728155339805,3.0115982418333904,4.5,-4.5,0.3864077669902913
O75865,159,0,0.0,0.21572327044025164,3.0139828137214337,4.5,-4.5,0.4591194968553459
Q8N9M5,508,0,0.0,-0.050196850393700844,2.8693293889604736,4.5,-4.5,0.4074803149606299
Q9Y5R8,145,0,0.0,-0.17586206896551723,3.0541385344924326,4.5,-4.5,0.3793103448275862
Q9UL33,140,0,0.0,-0.16857142857142857,3.091857641203648,4.5,-4.5,0.4
Q923E4,737,2,0.0027137042062415195,-0.45291723202170964,3.0218014314950534,4.5,-4.5,0.36092265943012214
Q8TAM1,723,6,0.008298755186721992,-0.04882434301521442,3.074754766658971,4.5,-4.5,0.3941908713692946
P0DI81,140,0,0.0,-0.2585714285714286,3.09150877899647,4.5,-4.5,0.40714285714285714
P31749,480,1,0.0020833333333333333,-0.5747916666666666,3.045531213641372,4.5,-4.5,0.3416666666666667
Q9CZQ9,341,6,0.017595307917888565,-0.2668621700879765,3.1934571777931846,4.5,-4.5,0.36950146627565983
Q811G0,885,5,0.005649717514124294,-0.17954802259887004,3.1022863482723317,4.5,-4.5,0.384180790960452
P17987,556,0,0.0,-0.03776978417266186,3.198697698842985,4.5,-4.5,0.42985611510791366
P60709,375,1,0.0026666666666666666,-0.19973333333333335,2.983666636130041,4.5,-4.5,0.37866666666666665
Q9P035,362,3,0.008287292817679558,0.0030386740331491556,3.1975589176203605,4.5,-4.5,0.425414364640884
P46379,1132,6,0.00530035335689046,-0.37367491166077743,2.798500278633525,4.5,-4.5,0.33480565371024734
P06727,396,0,0.0,-0.7888888888888889,3.156191250522779,4.5,-4.5,0.3484848484848485
P16615,1042,7,0.0067178502879078695,0.09664107485604607,3.0896673574690814,4.5,-4.5,0.43186180422264875
P37231,505,1,0.0019801980198019802,-0.3081188118811882,3.107135420373113,4.5,-4.5,0.3801980198019802
P35613,385,5,0.012987012987012988,-0.3228571428571428,2.9903736712788174,4.5,-4.5,0.35324675324675325
Q09472,2414,15,0.006213753106876553,-0.7253106876553439,2.78694758659885,4.5,-4.5,0.2995028997514499
Q9JHQ5,299,0,0.0,-0.7280936454849498,3.279858475094403,4.5,-4.5,0.3511705685618729
O41515,125,1,0.008,-0.39119999999999994,3.275582781735183,4.5,-4.5,0.376
G3H0F0,1274,5,0.003924646781789639,-0.6740188383045527,3.03789385538208,4.5,-4.5,0.32339089481946626
Q08209,521,4,0.007677543186180422,-0.3159309021113244,3.05174748514286,4.5,-4.5,0.3761996161228407
P63098,170,0,0.0,-0.38470588235294123,3.243092419729443,4.5,-4.5,0.38235294117647056
O43524,673,9,0.01337295690936107,-0.5936106983655275,2.6700536543470585,4.5,-4.5,0.2897473997028232
P15208,1372,19,0.013848396501457727,-0.3564868804664723,3.037793077771357,4.5,-4.5,0.35422740524781343
P02651,391,0,0.0,-0.6670076726342711,3.1481023387081137,4.5,-4.5,0.35294117647058826
P62492,216,1,0.004629629629629629,-0.42083333333333334,3.132606483366468,4.5,-4.5,0.35648148148148145
P55258,207,1,0.004830917874396135,-0.36183574879227054,3.166955366256702,4.5,-4.5,0.37681159420289856
P31939,592,1,0.0016891891891891893,-0.10827702702702705,3.075801763902153,4.5,-4.5,0.41047297297297297
Q12840,1032,7,0.006782945736434108,-0.7467054263565892,3.1110781049729166,4.5,-4.5,0.32558139534883723
P54646,552,3,0.005434782608695652,-0.29510869565217396,3.0675300435196067,4.5,-4.5,0.37318840579710144
Q66H80,511,1,0.0019569471624266144,-0.38551859099804303,3.1178210181660173,4.5,-4.5,0.3659491193737769
O88900,538,0,0.0,-0.4920074349442379,2.952824755572102,4.5,-4.5,0.34572490706319703
D4ABI7,362,3,0.008287292817679558,-0.05055248618784534,3.152068902925848,4.5,-4.5,0.42265193370165743
Q9WV78,438,4,0.0091324200913242,-0.5321917808219178,3.180647853326911,4.5,-4.5,0.365296803652968
Q09137,552,4,0.007246376811594203,-0.28822463768115947,3.0774346612829087,4.5,-4.5,0.37681159420289856
Q3UPR7,509,0,0.0,-0.17229862475442045,2.8845089303674247,4.5,-4.5,0.37524557956778
Q5NCF2,145,0,0.0,-0.20068965517241377,3.0421974034597303,4.5,-4.5,0.3724137931034483
Q3TLI0,1258,7,0.005564387917329093,-0.2508744038155803,3.0371761262830046,4.5,-4.5,0.37758346581875996
Q9CQP2,140,0,0.0,-0.2664285714285714,3.0900441678370347,4.5,-4.5,0.40714285714285714
Q9JME7,139,0,0.0,-0.12446043165467624,3.077134089582201,4.5,-4.5,0.4028776978417266
O55013,180,2,0.011111111111111112,-0.24166666666666667,3.1624862757717134,4.5,-4.5,0.4
Q9ES56,219,0,0.0,-0.025114155251141572,3.04423391788245,4.5,-4.5,0.410958904109589
Q8IUR0,188,1,0.005319148936170213,-0.028723404255319093,3.1445028812680875,4.5,-4.5,0.4521276595744681
Q9CQA1,188,1,0.005319148936170213,-0.002127659574468002,3.1589783806216443,4.5,-4.5,0.4574468085106383
Q86SZ2,158,0,0.0,-0.13607594936708864,3.155148863154015,4.5,-4.5,0.4177215189873418
Q9D289,158,0,0.0,-0.07594936708860761,3.1735343548217307,4.5,-4.5,0.4240506329113924
Q3U0M1,1148,6,0.005226480836236934,-0.20940766550522652,3.0736174191632486,4.5,-4.5,0.37543554006968644
P84243,136,0,0.0,-0.6183823529411764,3.1304764297684216,4.5,-4.5,0.36764705882352944
Q5TEC6,136,0,0.0,-0.5860294117647059,3.1545059460779004,4.5,-4.5,0.375
P10316,365,1,0.0027397260273972603,-0.4986301369863014,2.8894182545112295,4.5,-4.5,0.3315068493150685
Q9NRG9,546,2,0.003663003663003663,-0.0840659340659341,2.8743310652351406,4.5,-4.5,0.3626373626373626
A2A2Q9,398,0,0.0,-0.1939698492462312,3.0501526148645914,4.5,-4.5,0.39195979899497485
P28288,659,3,0.004552352048558422,-0.13019726858877087,3.170671047712112,4.5,-4.5,0.3975720789074355
P45954,432,2,0.004629629629629629,-0.1284722222222222,3.006027814483861,4.5,-4.5,0.3888888888888889
P53396,1101,3,0.0027247956403269754,-0.1052679382379655,3.025623159022978,4.5,-4.5,0.39146230699364215
O96019,429,2,0.004662004662004662,-0.2680652680652681,2.9623482204870957,4.5,-4.5,0.3613053613053613
P61163,376,1,0.0026595744680851063,-0.28457446808510645,3.1070058669433602,4.5,-4.5,0.3696808510638298
Q9GZN1,396,2,0.005050505050505051,-0.2972222222222223,3.1706700947287443,4.5,-4.5,0.3712121212121212
Q9Y4W6,797,1,0.0012547051442910915,-0.3524466750313676,3.084214825578514,4.5,-4.5,0.36260978670012545
O95433,338,4,0.011834319526627219,-0.5497041420118344,2.9785053290716617,4.5,-4.5,0.3224852071005917
O95831,613,3,0.004893964110929853,-0.26818923327895594,3.0727581889108455,4.5,-4.5,0.3703099510603589
Q9ULX6,646,4,0.006191950464396285,-1.0243034055727556,2.674587563046546,4.5,-4.5,0.25077399380804954
P02768,609,0,0.0,-0.35385878489326766,3.1171787989763047,4.5,-4.5,0.42036124794745483
P30837,517,1,0.0019342359767891683,-0.25377176015473885,3.0505303293470694,4.5,-4.5,0.38684719535783363
P51648,485,0,0.0,-0.07608247422680416,3.1927180537149833,4.5,-4.5,0.40824742268041236
Q9Y2J4,779,1,0.0012836970474967907,-0.8645699614890886,2.8911626959052246,4.5,-4.5,0.3080872913992298
Q9H9E1,313,1,0.003194888178913738,-0.2271565495207668,3.020367056237699,4.5,-4.5,0.3706070287539936
Q9HDC9,416,2,0.004807692307692308,-0.18629807692307693,3.0666835236501124,4.5,-4.5,0.37740384615384615
P05067,770,2,0.0025974025974025974,-0.5838961038961038,3.0407193936244825,4.5,-4.5,0.35194805194805195
Q9NWB6,273,0,0.0,-1.8252747252747252,3.021737852594223,4.5,-4.5,0.21978021978021978
O14497,2285,12,0.00525164113785558,-0.7775492341356675,2.547191208532968,4.5,-4.5,0.263019693654267
Q8NFD5,2319,15,0.00646830530401035,-0.7095299698145753,2.579487481115086,4.5,-4.5,0.2820181112548512
O75915,188,0,0.0,0.3489361702127661,3.1808517754215386,4.5,-4.5,0.48404255319148937
Q6NXE6,501,0,0.0,-0.09081836327345313,3.099699864574187,4.5,-4.5,0.4351297405189621
P08243,561,1,0.0017825311942959,-0.25775401069518716,3.081098945686068,4.5,-4.5,0.3868092691622103
Q12797,758,3,0.00395778364116095,-0.7881266490765171,2.997187146533875,4.5,-4.5,0.2994722955145119
Q7Z3C6,839,4,0.004767580452920143,-0.08891537544696068,3.0312844201732854,4.5,-4.5,0.40047675804529204
Q9HD20,1204,6,0.0049833887043189366,0.11403654485049833,3.0705292950057315,4.5,-4.5,0.43853820598006643
P05023,1023,6,0.005865102639296188,0.011241446725317707,3.1134559166981215,4.5,-4.5,0.41837732160312807
P50993,1020,6,0.0058823529411764705,-0.014215686274509818,3.092676972372028,4.5,-4.5,0.4147058823529412
P54709,279,3,0.010752688172043012,-0.1440860215053764,3.0202825367702433,4.5,-4.5,0.3870967741935484
Q93084,999,3,0.003003003003003003,0.09879879879879881,3.07276429929104,4.5,-4.5,0.43843843843843844
P20020,1220,6,0.004918032786885246,-0.1675409836065574,3.1394703822631023,4.5,-4.5,0.3877049180327869
P25705,553,0,0.0,-0.06672694394213383,3.121247193507921,4.5,-4.5,0.40867992766726946
P06576,529,0,0.0,0.01814744801512286,3.0526835275344015,4.5,-4.5,0.4158790170132325
P36542,298,3,0.010067114093959731,-0.17986577181208052,3.089101428083821,4.5,-4.5,0.39932885906040266
G3V325,749,3,0.004005340453938585,-0.3961281708945261,3.0355655002216047,4.5,-4.5,0.3724966622162884
O75964,103,0,0.0,0.24271844660194175,3.0971205525203875,4.5,-4.5,0.44660194174757284
P24539,256,0,0.0,-0.15859375,3.138359626853006,4.5,-4.5,0.41015625
O75947,161,1,0.006211180124223602,-0.5540372670807453,3.0686147923701306,4.5,-4.5,0.37267080745341613
P18859,108,0,0.0,-0.47777777777777786,3.21548145503194,4.5,-4.5,0.37962962962962965
P48047,213,0,0.0,-0.019718309859154914,3.137473927167421,4.5,-4.5,0.4131455399061033
O75787,350,0,0.0,0.1042857142857143,3.1244855903142894,4.5,-4.5,0.42857142857142855
P38606,617,2,0.0032414910858995136,-0.1860615883306321,3.0254512313734616,4.5,-4.5,0.37439222042139386
Q9UI12,483,0,0.0,-0.36790890269151144,3.1467004599519703,4.5,-4.5,0.38923395445134573
Q9UBB4,475,2,0.004210526315789474,-0.08000000000000003,3.2599128176911982,4.5,-4.5,0.42947368421052634
Q9Y679,410,0,0.0,-0.07902439024390248,3.067341587440053,4.5,-4.5,0.4
Q96GD4,344,2,0.005813953488372093,-0.40058139534883724,3.11466891541896,4.5,-4.5,0.3633720930232558
P01889,362,1,0.0027624309392265192,-0.5599447513812155,2.8941879264922776,4.5,-4.5,0.3259668508287293
B4DLN1,442,0,0.0,0.049773755656108594,3.1082305631792138,4.5,-4.5,0.4434389140271493
O95816,211,1,0.004739336492890996,-0.5919431279620853,3.2038012843731978,4.5,-4.5,0.36492890995260663
O95817,575,1,0.0017391304347826088,-0.8318260869565217,2.721236158554384,4.5,-4.5,0.2747826086956522
Q9UL15,447,4,0.008948545861297539,-0.4939597315436242,3.3045131132444308,4.5,-4.5,0.37360178970917224
Q4VC05,210,5,0.023809523809523808,-1.1966666666666665,2.686232683842938,4.5,-4.5,0.23809523809523808
Q6PJG6,821,0,0.0,0.11327649208282582,2.9377929866557517,4.5,-4.5,0.43727161997563946
Q9H0E9,1235,8,0.006477732793522267,-0.5320647773279351,2.9594657350777767,4.5,-4.5,0.33360323886639676
P41223,144,0,0.0,-0.7819444444444444,3.1136717512755507,4.5,-4.5,0.3194444444444444
A2AEA2,372,1,0.002688172043010753,-0.524731182795699,2.86825996909589,4.5,-4.5,0.3333333333333333
E9PRG8,123,1,0.008130081300813009,-1.1585365853658536,3.1753605986703843,4.5,-4.5,0.3008130081300813
P01024,1663,3,0.0018039687312086591,-0.3202645820805773,3.105805775492652,4.5,-4.5,0.36500300661455204
P27708,2225,4,0.0017977528089887641,-0.08044943820224722,3.0208042347976796,4.5,-4.5,0.3982022471910112
Q86VP6,1230,4,0.0032520325203252032,-0.0191056910569106,3.1491386119000038,4.5,-4.5,0.4170731707317073
P27824,592,1,0.0016891891891891893,-0.8739864864864867,2.974934530250514,4.5,-4.5,0.2939189189189189
Q14444,709,2,0.0028208744710860366,-0.911283497884344,2.786535663553435,4.5,-4.5,0.2693935119887165
Q86X55,608,4,0.006578947368421052,-0.047368421052631574,2.8576121189133885,4.5,-4.5,0.38651315789473684
Q96A33,483,1,0.002070393374741201,-0.7691511387163561,3.08462773522864,4.5,-4.5,0.3333333333333333
Q2TAC2,915,2,0.002185792349726776,-0.8514754098360655,3.075317835668198,4.5,-4.5,0.3366120218579235
P48643,541,0,0.0,-0.19186691312384474,3.196695444388358,4.5,-4.5,0.41404805914972276
O00311,574,2,0.003484320557491289,-0.4083623693379791,3.052770450377072,4.5,-4.5,0.3641114982578397
P06493,297,0,0.0,-0.28148148148148144,3.1550974991995164,4.5,-4.5,0.36363636363636365
Q9BXF3,1484,1,0.0006738544474393531,-0.8675202156334233,2.7195452185398516,4.5,-4.5,0.26549865229110514
P49454,3114,22,0.007064868336544637,-0.915863840719332,3.1201602896689247,4.5,-4.5,0.3114964675658317
J3KNF5,2482,9,0.0036261079774375505,-0.9582191780821918,3.2455546570247957,4.5,-4.5,0.322723609991942
C9JRZ6,232,1,0.004310344827586207,-1.0418103448275862,3.040803290856889,4.5,-4.5,0.3146551724137931
Q99653,195,2,0.010256410256410256,-0.6302564102564103,3.197139336071198,4.5,-4.5,0.3435897435897436
Q9Y3Y2,248,0,0.0,-0.7080645161290322,2.9589284452694637,4.5,-4.5,0.31451612903225806
Q9Y3D0,163,0,0.0,-0.1625766871165644,3.1581637495004853,4.5,-4.5,0.39263803680981596
Q86X95,450,4,0.008888888888888889,-1.6904444444444446,2.6086816215224764,4.5,-4.5,0.17555555555555555
Q07065,602,0,0.0,-0.7026578073089701,3.0266138847161614,4.5,-4.5,0.32558139534883723
Q9H078,707,3,0.004243281471004243,-0.45912305516265917,3.1114809201860836,4.5,-4.5,0.36633663366336633
P00403,227,3,0.013215859030837005,0.46035242290748885,2.999209273035693,4.5,-4.5,0.46255506607929514
Q96BR5,231,2,0.008658008658008658,-0.5662337662337663,2.925597303409508,4.5,-4.5,0.3722943722943723
Q8WTW3,980,4,0.004081632653061225,-0.20846938775510204,3.0509415917060205,4.5,-4.5,0.39183673469387753
Q14746,738,3,0.0040650406504065045,-0.306639566395664,3.152986596838578,4.5,-4.5,0.37533875338753386
Q8NBJ5,622,3,0.00482315112540193,-0.41302250803858515,3.0682180898824343,4.5,-4.5,0.38102893890675243
P53621,1224,7,0.005718954248366013,-0.2856209150326798,3.1168117466632026,4.5,-4.5,0.3799019607843137
P53618,953,6,0.0062959076600209865,-0.09118572927597063,3.217010461054326,4.5,-4.5,0.4260230849947534
P35606,906,6,0.006622516556291391,-0.3056291390728477,3.0935740011955053,4.5,-4.5,0.3741721854304636
M0QXB4,331,1,0.0030211480362537764,-0.3706948640483384,3.031269932282562,4.5,-4.5,0.38972809667673713
Q9UBF2,871,5,0.0057405281285878304,-0.11343283582089557,3.1131093570432644,4.5,-4.5,0.41446613088404133
Q8NI60,647,2,0.0030911901081916537,-0.2890262751159196,3.0397856648169745,4.5,-4.5,0.4034003091190108
Q96D53,544,0,0.0,-0.2534926470588236,3.010970555114989,4.5,-4.5,0.39338235294117646
P55060,971,2,0.0020597322348094747,-0.03316168898043255,3.166211320045972,4.5,-4.5,0.427394438722966
Q6PI48,645,0,0.0,-0.3089922480620155,3.1286046732513673,4.5,-4.5,0.3705426356589147
P61962,342,1,0.0029239766081871343,-0.26725146198830413,3.0442992531311406,4.5,-4.5,0.3742690058479532
Q14203,1278,1,0.000782472613458529,-0.5613458528951486,3.059566500579059,4.5,-4.5,0.3591549295774648
Q9H773,170,0,0.0,-0.46235294117647063,2.960603136905731,4.5,-4.5,0.35294117647058826
Q16531,1140,6,0.005263157894736842,-0.11078947368421056,3.1090187555473734,4.5,-4.5,0.387719298245614
P39656,456,0,0.0,-0.05657894736842109,3.0281429457520104,4.5,-4.5,0.39035087719298245
Q9UHI6,824,7,0.00849514563106796,-0.4635922330097088,3.0118914337145957,4.5,-4.5,0.3434466019417476
Q9UJV9,622,1,0.001607717041800643,-0.41961414790996787,3.1422186611984464,4.5,-4.5,0.37138263665594856
P26196,483,4,0.008281573498964804,-0.32256728778467897,3.161787900192487,4.5,-4.5,0.36438923395445133
P52429,567,1,0.001763668430335097,-0.22592592592592597,3.0675605118124722,4.5,-4.5,0.3844797178130511
Q15392,516,0,0.0,-0.06143410852713179,3.141915471022997,4.5,-4.5,0.40891472868217055
Q9UBM7,475,2,0.004210526315789474,0.23157894736842102,2.9584584591123857,4.5,-4.5,0.4336842105263158
Q9NPF5,467,2,0.004282655246252677,-0.8229122055674517,3.0063120033807453,4.5,-4.5,0.3169164882226981
Q86Y56,855,1,0.0011695906432748538,0.07438596491228071,3.1012974181126984,4.5,-4.5,0.45263157894736844
P31689,397,2,0.005037783375314861,-0.7287153652392946,3.1200063960553637,4.5,-4.5,0.3198992443324937
O60884,412,2,0.0048543689320388345,-0.6978155339805825,3.027835281227189,4.5,-4.5,0.3106796116504854
P25685,340,1,0.0029411764705882353,-0.715,3.0002811142801074,4.5,-4.5,0.3
Q9UBS4,358,2,0.00558659217877095,-0.5608938547486034,3.1486950892821457,4.5,-4.5,0.33519553072625696
J3KPS0,409,0,0.0,-0.7207823960880198,2.9028918005928626,4.5,-4.5,0.31295843520782396
Q9UDY4,337,1,0.002967359050445104,-0.7077151335311572,2.9992778263578646,4.5,-4.5,0.3026706231454006
O75953,348,0,0.0,-0.6795977011494253,3.006881544019456,4.5,-4.5,0.3045977011494253
O75190,326,0,0.0,-0.9457055214723925,2.7671323486155823,4.5,-4.5,0.2668711656441718
Q9Y2G8,782,2,0.0025575447570332483,-0.3468030690537085,3.113465312191668,4.5,-4.5,0.3631713554987212
Q13217,504,0,0.0,-0.6789682539682539,3.105453812238168,4.5,-4.5,0.35714285714285715
Q99615,494,2,0.004048582995951417,-0.7218623481781375,3.0100922977495235,4.5,-4.5,0.3724696356275304
Q9H147,329,1,0.00303951367781155,-0.670820668693009,3.007861977054043,4.5,-4.5,0.3404255319148936
Q92782,387,1,0.002583979328165375,-0.7276485788113696,2.954562958279272,4.5,-4.5,0.32558139534883723
Q5QPK2,287,1,0.003484320557491289,-0.23379790940766554,3.1388551588578135,4.5,-4.5,0.3554006968641115
Q9C005,99,0,0.0,-0.6575757575757575,3.1568777219479847,4.5,-4.5,0.3434343434343434
Q14204,4646,9,0.0019371502367628067,-0.34052948773138186,3.176800532352441,4.5,-4.5,0.3811881188118812
Q13409,638,3,0.004702194357366771,-0.6379310344827587,2.9630805765420467,4.5,-4.5,0.3181818181818182
P63167,89,0,0.0,-0.44831460674157286,3.1027755736716056,4.5,-4.5,0.38202247191011235
Q13627,763,7,0.009174311926605505,-0.7140235910878112,2.8548411316096884,4.5,-4.5,0.2948885976408912
Q66K89,784,1,0.0012755102040816326,-0.2778061224489796,2.960555705414184,4.5,-4.5,0.3864795918367347
J3KN16,2017,9,0.004462072384729797,-0.2339117501239465,3.065317724114858,4.5,-4.5,0.38423401090728804
P68104,462,3,0.006493506493506494,-0.2573593073593074,3.050445279523262,4.5,-4.5,0.37012987012987014
P26641,437,3,0.006864988558352402,-0.48077803203661335,2.953777605145921,4.5,-4.5,0.36155606407322655
O14681,340,0,0.0,0.29411764705882354,3.083289036123084,4.5,-4.5,0.4588235294117647
P60228,445,3,0.006741573033707865,-0.32696629213483147,3.1769522546108973,4.5,-4.5,0.3955056179775281
O00303,357,2,0.0056022408963585435,0.04313725490196077,2.879637624199842,4.5,-4.5,0.41456582633053224
P06730,217,0,0.0,-0.6967741935483871,2.9948863806298918,4.5,-4.5,0.30414746543778803
Q04637,1599,4,0.0025015634771732333,-0.649906191369606,2.928783371338359,4.5,-4.5,0.31769856160100063
P56537,245,3,0.012244897959183673,0.09142857142857143,3.118759565033797,4.5,-4.5,0.4204081632653061
Q15006,297,0,0.0,-0.7003367003367004,3.0772161357129506,4.5,-4.5,0.3602693602693603
Q9P0I2,261,2,0.007662835249042145,-0.05095785440613026,3.062611174328256,4.5,-4.5,0.4099616858237548
P50402,254,1,0.003937007874015748,-0.7161417322834646,2.76858346544019,4.5,-4.5,0.2795275590551181
Q96L91,3159,8,0.0025324469768914213,-0.47290281734726175,2.9373591299280832,4.5,-4.5,0.3421968977524533
Q9H2F5,836,7,0.008373205741626795,-0.6610047846889953,2.9706315190522496,4.5,-4.5,0.32177033492822965
Q52LR7,807,7,0.008674101610904586,-0.7372986369268897,3.031954418738707,4.5,-4.5,0.3159851301115242
P84090,104,0,0.0,-0.6663461538461539,3.038047531434365,4.5,-4.5,0.3269230769230769
O75477,348,2,0.005747126436781609,-0.27126436781609203,3.149718398139891,4.5,-4.5,0.3994252873563218
O94905,339,1,0.0029498525073746312,-0.16253687315634222,3.112821623708906,4.5,-4.5,0.415929203539823
A0FGR8,921,7,0.00760043431053203,-0.33930510314875134,3.1085880053209376,4.5,-4.5,0.3572204125950054
P13804,333,2,0.006006006006006006,0.14594594594594595,3.0393747514844303,4.5,-4.5,0.44744744744744747
Q9UPT5,735,0,0.0,-0.5125170068027212,3.1285311681552623,4.5,-4.5,0.3442176870748299
Q96CS3,445,3,0.006741573033707865,-0.7507865168539326,3.1424145245833794,4.5,-4.5,0.3303370786516854
Q8N9E0,248,2,0.008064516129032258,-2.05,2.4010246468619827,4.5,-4.5,0.125
Q5BKY9,247,1,0.004048582995951417,-1.9141700404858302,2.431673924758291,4.5,-4.5,0.13765182186234817
Q9BXW9,1451,5,0.0034458993797381117,-0.17167470709855273,3.1768443994027105,4.5,-4.5,0.39421088904204
Q9NVI1,1328,6,0.004518072289156626,-0.10218373493975905,3.18050391778736,4.5,-4.5,0.4066265060240964
Q8WVX9,515,3,0.005825242718446602,-0.1530097087378641,3.1613880553957534,4.5,-4.5,0.4
Q9Y285,508,2,0.003937007874015748,-0.453740157480315,3.0339233239538985,4.5,-4.5,0.3562992125984252
Q53R41,847,5,0.0059031877213695395,-0.04451003541912631,3.2040064890162814,4.5,-4.5,0.42739079102715466
Q9NSG2,853,3,0.0035169988276670576,0.12461899179366938,3.108869247280276,4.5,-4.5,0.447831184056272
E7EMK3,483,0,0.0,-0.08219461697722567,3.2050771296895197,4.5,-4.5,0.43685300207039335
Q9UET6,329,1,0.00303951367781155,-0.2455927051671733,2.9860140602230123,4.5,-4.5,0.3738601823708207
Q9BTY2,467,4,0.008565310492505354,-0.2957173447537474,2.9316888726493597,4.5,-4.5,0.3426124197002141
P35637,526,5,0.009505703422053232,-1.3193916349809887,2.0276052130170656,4.5,-4.5,0.10266159695817491
Q13283,466,2,0.004291845493562232,-0.8336909871244635,3.003103205999493,4.5,-4.5,0.2918454935622318
Q9UN86,482,3,0.006224066390041493,-0.9761410788381742,2.919918582394825,4.5,-4.5,0.26141078838174275
P51570,392,0,0.0,-0.07525510204081638,2.987093826239759,4.5,-4.5,0.41581632653061223
Q14697,944,1,0.001059322033898305,-0.3590042372881357,2.993202656695641,4.5,-4.5,0.3485169491525424
P22102,1010,4,0.0039603960396039604,0.035940594059405945,3.0503376466953904,4.5,-4.5,0.42277227722772276
Q92538,1860,5,0.002688172043010753,-0.2601612903225807,3.030937073559579,4.5,-4.5,0.37473118279569895
O75600,419,1,0.002386634844868735,-0.012410501193317446,3.0245911242216317,4.5,-4.5,0.4224343675417661
Q92947,438,3,0.00684931506849315,-0.19863013698630136,3.008063432186861,4.5,-4.5,0.3835616438356164
Q92616,2671,4,0.001497566454511419,0.05870460501684761,3.130389631172964,4.5,-4.5,0.43691501310370645
O43681,348,2,0.005747126436781609,-0.10833333333333336,3.0894452471060077,4.5,-4.5,0.4166666666666667
Q7L5D6,327,1,0.0030581039755351682,-0.2963302752293578,2.9359188613861664,4.5,-4.5,0.37003058103975534
P38435,758,8,0.010554089709762533,-0.1559366754617414,3.042142065103956,4.5,-4.5,0.3812664907651715
Q68CQ7,371,3,0.008086253369272238,-0.17035040431266846,3.125192761471568,4.5,-4.5,0.38274932614555257
P00367,558,1,0.0017921146953405018,-0.29318996415770615,3.011808933172077,4.5,-4.5,0.3709677419354839
Q5JWF2,1037,3,0.0028929604628736743,-0.5999035679845709,2.821656501096499,4.5,-4.5,0.3404050144648023
P62873,340,0,0.0,-0.23117647058823537,2.9508271668903503,4.5,-4.5,0.3764705882352941
Q13823,731,2,0.0027359781121751026,-0.8837209302325582,3.0858390383406062,4.5,-4.5,0.2968536251709986
Q53EU6,434,6,0.013824884792626729,0.0972350230414746,3.115923383207236,4.5,-4.5,0.41244239631336405
Q86UL3,456,4,0.008771929824561403,0.05175438596491224,3.1366462270566684,4.5,-4.5,0.4232456140350877
Q5T3I0,446,3,0.006726457399103139,-1.4926008968609867,2.7763356107784096,4.5,-4.5,0.2219730941704036
P04908,130,1,0.007692307692307693,-0.4776923076923077,3.162259790442354,4.5,-4.5,0.36923076923076925
P20671,130,1,0.007692307692307693,-0.473076923076923,3.1568189553979438,4.5,-4.5,0.36923076923076925
P0C0S5,128,1,0.0078125,-0.3109375,3.0759712484179285,4.5,-4.5,0.3671875
U3KQK0,166,1,0.006024096385542169,-0.8349397590361447,3.0373154655608103,4.5,-4.5,0.30120481927710846
P33778,126,0,0.0,-0.753968253968254,2.9509925904402836,4.5,-4.5,0.30158730158730157
P68431,136,0,0.0,-0.5794117647058824,3.145471012308547,4.5,-4.5,0.38235294117647056
Q71DI3,136,0,0.0,-0.6036764705882354,3.1343309654870644,4.5,-4.5,0.375
P62805,103,0,0.0,-0.521359223300971,3.17170899647765,4.5,-4.5,0.3300970873786408
P40939,763,4,0.005242463958060288,-0.07785058977719524,3.1103209737244293,4.5,-4.5,0.4076015727391874
P55084,474,1,0.002109704641350211,-0.07236286919831227,2.9408974037208475,4.5,-4.5,0.4177215189873418
O14929,419,1,0.002386634844868735,-0.4479713603818615,3.1301390300797274,4.5,-4.5,0.36992840095465396
P56524,1084,5,0.004612546125461255,-0.5195571955719558,2.976445877590725,4.5,-4.5,0.34317343173431736
Q9UQL6,1122,5,0.004456327985739751,-0.49340463458110506,2.9391740982702728,4.5,-4.5,0.3306595365418895
Q9UKV0,1011,11,0.010880316518298714,-0.524431256181998,3.004234819815817,4.5,-4.5,0.3323442136498516
Q9H583,2144,9,0.004197761194029851,0.05853544776119401,3.205468726734331,4.5,-4.5,0.435634328358209
C9JNU6,96,0,0.0,0.34375,2.9206096859217596,4.5,-4.5,0.4583333333333333
P52789,917,2,0.0021810250817884407,-0.1908396946564885,3.136432944876169,4.5,-4.5,0.4034896401308615
Q14527,1009,6,0.005946481665014866,-0.48354806739345885,3.0945277475081476,4.5,-4.5,0.34886025768087214
Q9BUJ2,856,6,0.007009345794392523,-1.0751168224299066,2.695019633968186,4.5,-4.5,0.23598130841121495
Q53GQ0,312,2,0.00641025641025641,0.10769230769230767,3.0470780131374973,4.5,-4.5,0.40705128205128205
P07900,732,4,0.00546448087431694,-0.7502732240437159,3.1413446760003993,4.5,-4.5,0.3224043715846995
Q14568,343,3,0.008746355685131196,-0.8364431486880466,3.052998554994267,4.5,-4.5,0.29737609329446063
P08238,724,4,0.0055248618784530384,-0.6784530386740332,3.1505335572420816,4.5,-4.5,0.3328729281767956
P14625,803,6,0.007471980074719801,-0.7127023661270236,3.110723515817887,4.5,-4.5,0.32503113325031135
P54652,639,6,0.009389671361502348,-0.4863849765258215,3.0754750893970826,4.5,-4.5,0.3395931142410016
P17066,643,4,0.006220839813374806,-0.4597200622083982,3.0847960955602596,4.5,-4.5,0.359253499222395
P11142,646,6,0.009287925696594427,-0.4560371517027863,3.080245520929782,4.5,-4.5,0.34829721362229105
Q7Z6Z7,4374,23,0.005258344764517604,-0.38882030178326477,2.9918179580774336,4.5,-4.5,0.3532235939643347
Q9Y4L1,999,9,0.009009009009009009,-0.5464464464464465,3.087179223894416,4.5,-4.5,0.35835835835835833
P78318,339,4,0.011799410029498525,-0.8663716814159294,3.0171958680371933,4.5,-4.5,0.32448377581120946
Q13123,557,0,0.0,-1.4265709156193895,2.861095052958314,4.5,-4.5,0.24416517055655296
Q13418,452,2,0.004424778761061947,-0.4119469026548672,3.0949128566247275,4.5,-4.5,0.3805309734513274
A1L0T0,632,1,0.0015822784810126582,0.1837025316455696,3.0663037308362697,4.5,-4.5,0.4541139240506329
Q16891,758,3,0.00395778364116095,-0.4646437994722955,3.0711553724404754,4.5,-4.5,0.3759894459102902
P12268,514,1,0.0019455252918287938,-0.11361867704280151,3.0797457665996593,4.5,-4.5,0.40077821011673154
Q8TEX9,1081,2,0.0018501387604070306,0.06956521739130431,3.097963984142132,4.5,-4.5,0.4532839962997225
O00410,1097,6,0.0054694621695533276,-0.13363719234275295,3.141977497661158,4.5,-4.5,0.4284412032816773
Q96P70,1041,4,0.0038424591738712775,0.013736791546589815,3.0866315766218553,4.5,-4.5,0.4322766570605187
Q6DN90,963,6,0.006230529595015576,-0.7360332294911733,2.9902471526952645,4.5,-4.5,0.304257528556594
P51617,712,2,0.0028089887640449437,-0.28005617977528097,2.8295433778581502,4.5,-4.5,0.35814606741573035
O14654,1257,3,0.002386634844868735,-0.6636435958631663,2.747196229245676,4.5,-4.5,0.31026252983293556
Q53G59,568,1,0.0017605633802816902,-0.17077464788732394,3.0520412411939684,4.5,-4.5,0.38204225352112675
Q9Y448,316,2,0.006329113924050633,-0.7079113924050634,3.021458184679865,4.5,-4.5,0.3291139240506329
Q14974,876,2,0.00228310502283105,-0.09166666666666667,3.132815189598097,4.5,-4.5,0.4269406392694064
A5PL33,1030,2,0.001941747572815534,-0.6707766990291262,2.636850574100982,4.5,-4.5,0.270873786407767
P13645,584,2,0.003424657534246575,-0.6236301369863014,2.5563960559170407,4.5,-4.5,0.2243150684931507
P02533,472,0,0.0,-0.5370762711864406,2.964986768360963,4.5,-4.5,0.3241525423728814
P35908,639,2,0.003129890453834116,-0.47089201877934267,2.782158277598669,4.5,-4.5,0.27699530516431925
Q7Z3Y7,464,2,0.004310344827586207,-0.5092672413793103,2.972202448370448,4.5,-4.5,0.34051724137931033
P02538,564,2,0.0035460992907801418,-0.43847517730496455,2.930886841028795,4.5,-4.5,0.32092198581560283
P04259,564,2,0.0035460992907801418,-0.450709219858156,2.934627489835702,4.5,-4.5,0.32092198581560283
F8W1S1,543,2,0.003683241252302026,-0.4290976058931861,3.06257641925984,4.5,-4.5,0.36279926335174956
Q8N1N4,520,1,0.0019230769230769232,-0.4707692307692308,2.9903098927097624,4.5,-4.5,0.3326923076923077
Q9UN81,338,2,0.005917159763313609,-1.1044378698224853,3.1011180190430245,4.5,-4.5,0.29289940828402367
Q71RC2,724,5,0.006906077348066298,-0.7469613259668507,2.8724311884196596,4.5,-4.5,0.2886740331491713
Q92615,738,2,0.0027100271002710027,-0.7161246612466124,2.832046124757197,4.5,-4.5,0.2953929539295393
Q14739,615,0,0.0,-0.05560975609756105,3.088325287835149,4.5,-4.5,0.3983739837398374
P07195,334,2,0.005988023952095809,0.05598802395209582,3.1827487009297086,4.5,-4.5,0.4161676646706587
Q9NUP9,197,1,0.005076142131979695,-0.44670050761421326,3.1713584619308897,4.5,-4.5,0.37055837563451777
P02545,664,4,0.006024096385542169,-0.8629518072289156,2.9999971421818294,4.5,-4.5,0.3042168674698795
P20700,586,4,0.006825938566552901,-0.7882252559726962,3.0720274775756615,4.5,-4.5,0.3242320819112628
Q8NF37,534,1,0.0018726591760299626,-0.058239700374531876,3.0297522010013576,4.5,-4.5,0.4250936329588015
P42704,1394,5,0.003586800573888092,-0.20609756097560972,3.181622959464563,4.5,-4.5,0.4081779053084649
Q8ND56,463,2,0.004319654427645789,-0.9319654427645787,2.764526491135161,4.5,-4.5,0.2526997840172786
Q9Y4Y9,91,2,0.02197802197802198,0.08241758241758239,3.2071894993850276,4.5,-4.5,0.4175824175824176
Q9NQ29,371,0,0.0,-1.3382749326145553,3.026681215535714,4.5,-4.5,0.2776280323450135
Q9Y383,392,0,0.0,-1.4864795918367346,2.99453513386483,4.5,-4.5,0.2602040816326531
J3KPP4,489,1,0.002044989775051125,-1.4944785276073618,2.9887091864678266,4.5,-4.5,0.23721881390593047
Q9Y5V3,778,9,0.011568123393316195,-0.5975578406169666,2.814392262015919,4.5,-4.5,0.32390745501285345
Q9UNF1,606,3,0.0049504950495049506,-0.5348184818481848,2.8604551237357225,4.5,-4.5,0.34983498349834985
P33993,719,3,0.004172461752433936,-0.37218358831710713,3.1515286865681467,4.5,-4.5,0.38386648122392214
Q9HAF1,191,0,0.0,-1.249214659685864,2.837166736384535,4.5,-4.5,0.2513089005235602
Q9Y3C7,131,2,0.015267175572519083,-0.6435114503816795,3.106164745379969,4.5,-4.5,0.3893129770992366
Q5XKP0,118,0,0.0,-0.08050847457627125,2.917372235146341,4.5,-4.5,0.3983050847457627
Q6PJG2,1045,4,0.003827751196172249,-0.7917703349282297,2.870871568788621,4.5,-4.5,0.29282296650717704
Q15773,248,0,0.0,-0.8846774193548386,2.7757023044697178,4.5,-4.5,0.2903225806451613
Q96T76,1030,4,0.003883495145631068,0.15650485436893205,3.0887379861464153,4.5,-4.5,0.4553398058252427
Q13724,837,1,0.0011947431302270011,-0.25854241338112305,2.908088547224756,4.5,-4.5,0.3548387096774194
Q7Z3U7,1717,8,0.004659289458357601,0.040302853814793246,3.0774104191503566,4.5,-4.5,0.41642399534071056
Q9UBU8,362,0,0.0,-0.7176795580110495,3.0370396910745563,4.5,-4.5,0.32320441988950277
Q15014,288,0,0.0,-0.8100694444444445,2.9245849649821585,4.5,-4.5,0.3125
O75970,2070,14,0.00676328502415459,-0.23946859903381645,3.0342270872711428,4.5,-4.5,0.3560386473429952
Q9NV56,204,1,0.004901960784313725,-0.7348039215686274,2.958307422275532,4.5,-4.5,0.3137254901960784
P82912,194,1,0.005154639175257732,-0.2793814432989691,2.9682317324271716,4.5,-4.5,0.38144329896907214
Q9NP92,439,0,0.0,-0.35876993166287013,3.0891918780802583,4.5,-4.5,0.3917995444191344
Q92665,395,0,0.0,-0.769620253164557,3.0431809819173967,4.5,-4.5,0.31139240506329113
P52701,1360,8,0.0058823529411764705,-0.4991911764705883,3.0130780029210746,4.5,-4.5,0.3411764705882353
P13995,350,1,0.002857142857142857,-0.03114285714285714,3.1837760791941667,4.5,-4.5,0.42
Q9NYA4,1195,2,0.0016736401673640166,-0.47857740585774056,2.94493275620497,4.5,-4.5,0.34058577405857743
Q99707,1265,5,0.003952569169960474,-0.19699604743083007,3.1020799582180425,4.5,-4.5,0.3968379446640316
O43795,1136,5,0.0044014084507042256,-0.488468309859155,3.1969063686604353,4.5,-4.5,0.36971830985915494
P55209,391,2,0.005115089514066497,-0.9526854219948849,3.085348049070822,4.5,-4.5,0.30434782608695654
Q99733,375,3,0.008,-0.7810666666666666,3.0347742687426065,4.5,-4.5,0.32
Q09161,790,2,0.002531645569620253,-0.3278481012658228,3.1659276525178854,4.5,-4.5,0.389873417721519
Q969V3,563,2,0.003552397868561279,-0.03765541740674964,3.0861006526487142,4.5,-4.5,0.43161634103019536
O00483,81,0,0.0,-0.3802469135802469,3.084145829008291,4.5,-4.5,0.35802469135802467
P51970,172,0,0.0,-0.7645348837209303,3.0335274413057847,4.5,-4.5,0.32558139534883723
P07197,916,0,0.0,-1.130458515283843,2.940872974288265,4.5,-4.5,0.2609170305676856
O14524,444,2,0.0045045045045045045,0.1376126126126126,3.1141503075830013,4.5,-4.5,0.4144144144144144
Q6ZNB6,911,2,0.0021953896816684962,-0.6467618002195389,2.9225509411529655,4.5,-4.5,0.3402854006586169
Q9BPW8,284,0,0.0,-0.6482394366197184,2.9968464174382308,4.5,-4.5,0.3274647887323944
Q8N5F7,415,1,0.0024096385542168677,-1.6356626506024095,2.55662248617151,4.5,-4.5,0.1686746987951807
Q5C9Z4,860,3,0.0034883720930232558,-0.6372093023255814,3.074695920364185,4.5,-4.5,0.3453488372093023
Q5JPE7,1267,7,0.0055248618784530384,-0.1271507498026835,3.021183564367255,4.5,-4.5,0.367008681925809
Q9Y3C1,178,0,0.0,-1.1320224719101124,3.113153926531987,4.5,-4.5,0.3089887640449438
P55786,919,3,0.003264417845484222,-0.19499455930359086,3.064936841113357,4.5,-4.5,0.39173014145810664
Q8TAT6,608,5,0.008223684210526315,-0.368421052631579,3.001626117462078,4.5,-4.5,0.3519736842105263
O75607,178,0,0.0,-0.28988764044943816,3.028239557702793,4.5,-4.5,0.38764044943820225
Q9BSD7,190,1,0.005263157894736842,-0.13473684210526315,3.169817143026015,4.5,-4.5,0.3684210526315789
O43809,227,2,0.00881057268722467,-0.3955947136563876,3.0939016289286694,4.5,-4.5,0.3436123348017621
P57740,925,4,0.004324324324324324,-0.37243243243243246,3.1243606095339884,4.5,-4.5,0.37513513513513513
Q8WUM0,1156,13,0.01124567474048443,-0.23581314878892737,3.052277687117192,4.5,-4.5,0.3728373702422145
Q5SRE5,1749,2,0.0011435105774728416,-0.009491137793024603,3.0781754903525047,4.5,-4.5,0.41395082904516867
Q92621,2012,5,0.002485089463220676,-0.0911530815109344,3.1658263570963165,4.5,-4.5,0.4150099403578529
Q8TEM1,1887,12,0.006359300476947536,0.061738208797032325,3.024476856196774,4.5,-4.5,0.4059353471118177
Q8N1F7,819,6,0.007326007326007326,-0.36617826617826615,3.13584443411747,4.5,-4.5,0.3797313797313797
Q5W0B1,726,11,0.015151515151515152,-0.784573002754821,2.9425320372300354,4.5,-4.5,0.290633608815427
P11940,636,2,0.0031446540880503146,-0.5108490566037736,2.972635983080995,4.5,-4.5,0.36477987421383645
B1ANR0,615,1,0.0016260162601626016,-0.44552845528455287,3.016282427108676,4.5,-4.5,0.3772357723577236
Q8N3R9,675,1,0.0014814814814814814,-0.7194074074074075,3.1536165630291513,4.5,-4.5,0.3274074074074074
P12004,261,1,0.0038314176245210726,-0.09463601532567048,3.0987900805476642,4.5,-4.5,0.4099616858237548
P11177,359,1,0.002785515320334262,0.001671309192200571,3.065241835994718,4.5,-4.5,0.42896935933147634
Q9BRX2,385,2,0.005194805194805195,-0.3690909090909091,3.160257338616745,4.5,-4.5,0.38181818181818183
P56589,373,3,0.00804289544235925,-0.15388739946380697,3.155728806205165,4.5,-4.5,0.3914209115281501
O00264,195,0,0.0,-0.5635897435897436,2.993061623650895,4.5,-4.5,0.3384615384615385
P35232,272,2,0.007352941176470588,0.02426470588235292,3.2173129161645173,4.5,-4.5,0.4375
J3KPX7,255,3,0.011764705882352941,-0.13333333333333328,3.207262999461132,4.5,-4.5,0.40784313725490196
Q7RTV0,110,0,0.0,-0.43909090909090914,3.0918689686026903,4.5,-4.5,0.36363636363636365
O43175,533,2,0.00375234521575985,0.09324577861163225,3.016563308282486,4.5,-4.5,0.4277673545966229
Q92643,395,0,0.0,-0.21696202531645567,3.084381379179431,4.5,-4.5,0.38734177215189874
Q8TEQ8,1089,2,0.0018365472910927456,0.36382001836547284,2.918462573222085,4.5,-4.5,0.46831955922865015
Q96S52,555,2,0.0036036036036036037,0.05747747747747744,3.044627958001747,4.5,-4.5,0.43243243243243246
Q99570,1358,3,0.0022091310751104565,-0.27223858615611196,3.105359445576042,4.5,-4.5,0.37702503681885124
O43164,708,7,0.009887005649717515,-0.8634180790960452,2.8034136092909825,4.5,-4.5,0.2740112994350282
Q58EX7,1191,0,0.0,-0.2758186397984887,2.974196838127557,4.5,-4.5,0.38371116708648195
Q9H307,717,2,0.002789400278940028,-1.4136680613668062,2.8500620397462435,4.5,-4.5,0.21478382147838215
Q96HA1,1249,3,0.0024019215372297837,-0.344035228182546,2.513639026368718,4.5,-4.5,0.31385108086469177
Q9UNP9,301,3,0.009966777408637873,-0.5212624584717607,3.016413526966594,4.5,-4.5,0.34219269102990035
P49593,454,2,0.004405286343612335,-0.4325991189427313,3.015253999367892,4.5,-4.5,0.3722466960352423
P62136,330,0,0.0,-0.3012121212121212,3.113382412411569,4.5,-4.5,0.3787878787878788
P62140,327,0,0.0,-0.24281345565749238,3.1182998443590453,4.5,-4.5,0.38837920489296635
P36873,323,1,0.0030959752321981426,-0.25046439628482975,3.162995910207495,4.5,-4.5,0.39628482972136225
O14974,1030,4,0.003883495145631068,-1.0551456310679612,2.85622939170069,4.5,-4.5,0.2543689320388349
O60237,982,5,0.0050916496945010185,-1.0326883910386964,2.8982754726780455,4.5,-4.5,0.27189409368635437
O00743,305,0,0.0,-0.20032786885245904,3.1052731287243356,4.5,-4.5,0.38688524590163936
Q5H9R7,873,12,0.013745704467353952,-0.477205040091638,3.0299755555888574,4.5,-4.5,0.3424971363115693
Q9HCU5,417,0,0.0,-0.09208633093525181,3.0330014911477976,4.5,-4.5,0.39568345323741005
P78527,4128,19,0.004602713178294574,-0.19818313953488373,3.12046168030355,4.5,-4.5,0.3997093023255814
P25786,263,1,0.0038022813688212928,-0.43307984790874526,3.0765408240901846,4.5,-4.5,0.3726235741444867
P25787,234,0,0.0,-0.18632478632478636,2.9953213084187964,4.5,-4.5,0.3803418803418803
P25788,255,1,0.00392156862745098,-0.2788235294117647,3.0637831586729396,4.5,-4.5,0.38823529411764707
P28066,241,2,0.008298755186721992,-0.10663900414937758,3.0397295806738964,4.5,-4.5,0.4024896265560166
G3V5Z7,252,0,0.0,-0.1392857142857143,3.050774733395257,4.5,-4.5,0.39285714285714285
O14818,248,1,0.004032258064516129,-0.432258064516129,3.2112465770420053,4.5,-4.5,0.3709677419354839
P20618,241,0,0.0,-0.11742738589211611,2.9835140417397588,4.5,-4.5,0.3941908713692946
P49721,201,2,0.009950248756218905,-0.16965174129353233,3.111001882760081,4.5,-4.5,0.4129353233830846
P49720,205,0,0.0,0.031707317073170725,3.0392103454833137,4.5,-4.5,0.43902439024390244
P28070,264,3,0.011363636363636364,-0.15946969696969696,2.8837293862850846,4.5,-4.5,0.3712121212121212
P28074,263,0,0.0,-0.11368821292775662,2.8804511703227873,4.5,-4.5,0.38022813688212925
P28072,239,0,0.0,0.03430962343096231,2.813252157787586,4.5,-4.5,0.4100418410041841
P62191,440,1,0.0022727272727272726,-0.5425,3.145059346889108,4.5,-4.5,0.33636363636363636
P35998,433,2,0.004618937644341801,-0.41616628175519627,3.1728375320338955,4.5,-4.5,0.37644341801385683
P17980,439,2,0.004555808656036446,-0.39635535307517084,3.1999338577179604,4.5,-4.5,0.38496583143507973
P43686,418,2,0.004784688995215311,-0.3526315789473685,3.223664778771627,4.5,-4.5,0.3875598086124402
P62195,406,3,0.007389162561576354,-0.3216748768472906,3.2566375044179594,4.5,-4.5,0.3916256157635468
P62333,389,2,0.005141388174807198,-0.4365038560411311,3.2259956495970457,4.5,-4.5,0.37275064267352187
Q99460,953,3,0.0031479538300104933,-0.2288562434417629,3.1014325724364427,4.5,-4.5,0.39664218258132217
O00231,422,2,0.004739336492890996,-0.18222748815165873,3.1809551406797474,4.5,-4.5,0.4218009478672986
O00232,456,2,0.0043859649122807015,-0.38421052631578945,3.2425577122207367,4.5,-4.5,0.38377192982456143
Q9UNM6,376,0,0.0,-0.1768617021276596,3.1908649100973734,4.5,-4.5,0.4015957446808511
O00487,310,1,0.0032258064516129032,-0.17483870967741935,3.113500126626232,4.5,-4.5,0.4
Q13200,908,0,0.0,-0.17433920704845812,3.0849842572235975,4.5,-4.5,0.4052863436123348
O43242,534,2,0.003745318352059925,-0.5292134831460673,3.100375798673723,4.5,-4.5,0.36891385767790263
Q5VWC4,380,0,0.0,-0.47552631578947363,3.013278680640444,4.5,-4.5,0.3631578947368421
Q15008,389,0,0.0,-0.3555269922879178,3.212019768739399,4.5,-4.5,0.39845758354755784
P51665,324,0,0.0,-0.5200617283950617,3.28858838659333,4.5,-4.5,0.35185185185185186
R4GMR5,287,1,0.003484320557491289,-0.20801393728222997,3.047825275946398,4.5,-4.5,0.39372822299651566
P48651,473,1,0.0021141649048625794,0.14820295983086676,3.029195838178468,4.5,-4.5,0.42283298097251587
Q00577,322,1,0.003105590062111801,-0.7521739130434784,2.8749525938629357,4.5,-4.5,0.2919254658385093
P06737,847,6,0.0070838252656434475,-0.323258559622196,3.1692314694103114,4.5,-4.5,0.38488783943329397
P61026,200,2,0.01,-0.3299999999999999,3.135299028800921,4.5,-4.5,0.365
P62820,205,1,0.004878048780487805,-0.2936585365853658,2.990669845921675,4.5,-4.5,0.35121951219512193
Q9H0U4,201,3,0.014925373134328358,-0.3054726368159204,3.0037654479280964,4.5,-4.5,0.35323383084577115
P20340,208,1,0.004807692307692308,-0.4153846153846154,3.1079386326597085,4.5,-4.5,0.35096153846153844
Q5HYI8,236,0,0.0,-0.3533898305084746,3.1193540781676785,4.5,-4.5,0.3474576271186441
P63244,317,1,0.0031545741324921135,-0.2514195583596215,2.9353990164004924,4.5,-4.5,0.3312302839116719
B5MDF5,233,0,0.0,-0.22618025751072957,3.133790845959519,4.5,-4.5,0.39914163090128757
P43487,201,0,0.0,-1.0970149253731343,2.9967131322153873,4.5,-4.5,0.31343283582089554
P46060,587,2,0.0034071550255536627,-0.24139693356047703,3.0823186626604335,4.5,-4.5,0.41056218057921634
Q5T160,578,0,0.0,-0.20813148788927338,3.1696254627962652,4.5,-4.5,0.3944636678200692
Q8N0V3,343,0,0.0,-0.6481049562682216,2.928544682914991,4.5,-4.5,0.33527696793002915
O43251,390,3,0.007692307692307693,-0.41358974358974354,2.6622228876419323,4.5,-4.5,0.3230769230769231
Q96PK6,669,3,0.004484304932735426,-0.44678624813153955,2.5363620447744877,4.5,-4.5,0.3452914798206278
P52756,815,1,0.001226993865030675,-0.9734969325153374,2.8357376495123376,4.5,-4.5,0.2748466257668712
Q15434,407,3,0.007371007371007371,-0.4796068796068796,2.728330184351246,4.5,-4.5,0.3071253071253071
Q15293,331,1,0.0030211480362537764,-1.034441087613293,3.0462038044311055,4.5,-4.5,0.29003021148036257
Q14257,317,0,0.0,-0.8094637223974764,3.0748658552632415,4.5,-4.5,0.3249211356466877
O94761,1208,0,0.0,-0.5072847682119206,2.9472481123012626,4.5,-4.5,0.3485099337748344
Q9P2R6,1566,8,0.005108556832694764,-0.9579821200510854,2.711855531493248,4.5,-4.5,0.26372924648786716
P40937,340,2,0.0058823529411764705,-0.13147058823529414,3.18201437527065,4.5,-4.5,0.40588235294117647
P48382,616,1,0.0016233766233766235,-0.6577922077922078,2.8458053539668793,4.5,-4.5,0.3051948051948052
Q2KHR2,1460,20,0.0136986301369863,-0.5715068493150686,2.8175957259001194,4.5,-4.5,0.2958904109589041
O00287,272,0,0.0,-0.6286764705882353,2.7358703338360195,4.5,-4.5,0.31985294117647056
Q8IXI1,618,2,0.003236245954692557,-0.10258899676375405,3.0437574339150673,4.5,-4.5,0.39805825242718446
Q96GF1,192,1,0.005208333333333333,-0.2270833333333334,2.7877140861983833,4.5,-4.5,0.3541666666666667
Q99942,180,0,0.0,-0.33,2.8309578277011163,4.5,-4.5,0.35555555555555557
Q8TA86,221,0,0.0,-1.7013574660633484,2.7887862008458035,4.5,-4.5,0.20361990950226244
Q9H7B2,306,3,0.00980392156862745,-0.6836601307189543,3.165633629567031,4.5,-4.5,0.3366013071895425
P47914,159,2,0.012578616352201259,-1.0893081761006291,2.9613780404970553,4.5,-4.5,0.3333333333333333
P49207,117,1,0.008547008547008548,-0.541025641025641,3.208806094935949,4.5,-4.5,0.36752136752136755
P63173,70,0,0.0,-0.7514285714285713,3.359240681937463,4.5,-4.5,0.35714285714285715
P04843,607,2,0.0032948929159802307,-0.2082372322899506,3.1388144578363484,4.5,-4.5,0.3772652388797364
P04844,631,3,0.004754358161648178,0.08098256735340723,3.0328606505291527,4.5,-4.5,0.4247226624405705
P42677,84,0,0.0,-0.5107142857142859,3.0004768611935373,4.5,-4.5,0.34523809523809523
H0YMV8,100,0,0.0,-0.09100000000000005,3.1719109382200505,4.5,-4.5,0.42
Q9NTJ5,587,5,0.008517887563884156,-0.10579216354344123,3.117768035645904,4.5,-4.5,0.40545144804088584
Q96BY9,339,1,0.0029498525073746312,-0.4224188790560472,2.599301935174914,4.5,-4.5,0.2861356932153392
Q8WVM8,642,3,0.004672897196261682,-0.2936137071651091,3.1133127412146733,4.5,-4.5,0.3878504672897196
O43819,266,0,0.0,-0.399624060150376,3.03062685046997,4.5,-4.5,0.35714285714285715
Q9BRK5,362,1,0.0027624309392265192,-0.6715469613259669,3.1114726815118647,4.5,-4.5,0.34806629834254144
O75396,215,1,0.004651162790697674,-0.1818604651162791,3.1409665641764164,4.5,-4.5,0.4232558139534884
B4DR61,482,0,0.0,0.5522821576763485,2.9963194883729676,4.5,-4.5,0.47925311203319504
Q9H9S3,476,0,0.0,0.5869747899159663,3.0038138375726655,4.5,-4.5,0.4894957983193277
Q9UBV2,794,5,0.006297229219143577,-0.42947103274559195,2.9325864775234405,4.5,-4.5,0.3589420654911839
P50454,418,2,0.004784688995215311,-0.22416267942583734,3.0626574588708917,4.5,-4.5,0.4043062200956938
Q9BYW2,2564,18,0.0070202808112324495,-0.9481669266770673,2.8500486752114678,4.5,-4.5,0.2581903276131045
Q9BWJ5,86,1,0.011627906976744186,-0.8406976744186048,2.8429585763318426,4.5,-4.5,0.3023255813953488
Q6P4A7,337,1,0.002967359050445104,0.09940652818991098,3.05737415763582,4.5,-4.5,0.42433234421364985
P34897,504,0,0.0,-0.27341269841269844,3.0536030403594894,4.5,-4.5,0.3948412698412698
P53985,500,0,0.0,0.348,2.90763408977127,4.5,-4.5,0.442
P53007,311,0,0.0,-0.06463022508038588,3.05345249351411,4.5,-4.5,0.40192926045016075
Q9UBX3,287,0,0.0,0.14773519163763063,3.0040947826221425,4.5,-4.5,0.43902439024390244
Q02978,314,0,0.0,0.11656050955414012,2.9115484341764186,4.5,-4.5,0.42356687898089174
O75746,678,2,0.0029498525073746312,-0.020206489675516238,3.0519187762699445,4.5,-4.5,0.4144542772861357
Q9UJS0,675,0,0.0,0.03170370370370367,3.043740763950575,4.5,-4.5,0.42814814814814817
Q9H1K4,315,1,0.0031746031746031746,0.24730158730158722,2.9567384467312006,4.5,-4.5,0.4634920634920635
Q9H936,323,1,0.0030959752321981426,0.16191950464396282,3.0315786944292578,4.5,-4.5,0.4520123839009288
Q00325,362,0,0.0,0.023756906077347997,2.943029826503611,4.5,-4.5,0.4171270718232044
P12235,298,1,0.003355704697986577,0.05939597315436237,3.0396809105292837,4.5,-4.5,0.4395973154362416
P05141,298,1,0.003355704697986577,0.05167785234899326,3.0160555605862167,4.5,-4.5,0.42953020134228187
P12236,298,0,0.0,0.07516778523489932,3.0461419330927604,4.5,-4.5,0.43288590604026844
P08195,529,4,0.007561436672967864,-0.16200378071833646,2.9881891880877007,4.5,-4.5,0.387523629489603
Q8IYB5,467,2,0.004282655246252677,-0.5117773019271948,2.827323559735144,4.5,-4.5,0.3297644539614561
Q92922,1105,5,0.004524886877828055,-0.8139366515837105,2.888245075456112,4.5,-4.5,0.3031674208144796
Q14683,1233,4,0.0032441200324412004,-0.9689375506893754,3.1755044184492576,4.5,-4.5,0.32278994322789945
O95347,1197,6,0.005012531328320802,-0.671345029239766,3.164935172907581,4.5,-4.5,0.3558897243107769
Q9NTJ3,1288,10,0.007763975155279503,-0.6906055900621118,3.19651600028734,4.5,-4.5,0.34316770186335405
Q16637,294,4,0.013605442176870748,-0.7697278911564627,2.702795591159167,4.5,-4.5,0.2653061224489796
Q6IEG0,339,1,0.0029498525073746312,-1.256047197640118,3.025211225588108,4.5,-4.5,0.26548672566371684
Q13573,536,2,0.0037313432835820895,-1.1457089552238806,2.970391869028638,4.5,-4.5,0.2835820895522388
Q5M775,1068,3,0.0028089887640449437,-0.7955992509363297,2.9431806084713585,4.5,-4.5,0.29775280898876405
Q69YQ0,1117,7,0.006266786034019696,-0.8111011638316921,2.967252231651124,4.5,-4.5,0.3070725156669651
H3BMF4,573,0,0.0,0.36893542757417097,2.922455352785414,4.5,-4.5,0.4397905759162304
O15020,2390,4,0.0016736401673640166,-0.650836820083682,3.0891586190049085,4.5,-4.5,0.3652719665271967
O15269,473,1,0.0021141649048625794,-0.0644820295983087,3.15981751356335,4.5,-4.5,0.42071881606765327
P51571,173,0,0.0,0.09884393063583814,2.9482431025658866,4.5,-4.5,0.4161849710982659
Q08945,709,6,0.00846262341325811,-0.9210155148095911,2.9587709654505914,4.5,-4.5,0.2820874471086037
P50502,369,1,0.0027100271002710027,-0.8574525745257452,2.993462617583987,4.5,-4.5,0.33875338753387535
Q9H5V9,222,0,0.0,-0.7806306306306307,3.1061162503782063,4.5,-4.5,0.33783783783783783
P31948,543,3,0.0055248618784530384,-0.9375690607734807,3.0009432498594535,4.5,-4.5,0.3259668508287293
P46977,705,4,0.005673758865248227,0.23673758865248223,2.986935737734083,4.5,-4.5,0.4326241134751773
Q8TCJ2,826,6,0.007263922518159807,0.03837772397094429,2.975752173851469,4.5,-4.5,0.41041162227602906
P56962,302,0,0.0,-0.30529801324503314,3.177763970402059,4.5,-4.5,0.39072847682119205
Q9UH99,717,1,0.001394700139470014,-0.4818688981868898,2.928888550119094,4.5,-4.5,0.3319386331938633
Q9Y5B9,1047,7,0.0066857688634192934,-0.670487106017192,3.1092427838919674,4.5,-4.5,0.335243553008596
O15260,269,0,0.0,0.5628252788104089,2.980100203392599,4.5,-4.5,0.49814126394052044
O75683,361,1,0.002770083102493075,-1.3664819944598339,2.9826109293783176,4.5,-4.5,0.2880886426592798
Q92804,592,3,0.005067567567567568,-1.5221283783783783,2.045578669136707,4.5,-4.5,0.08445945945945946
Q9BW92,718,2,0.002785515320334262,-0.33384401114206136,3.039262021582642,4.5,-4.5,0.3732590529247911
Q8TC07,691,3,0.004341534008683068,-0.4092619392185239,3.0868894894537213,4.5,-4.5,0.35600578871201155
Q9NZ01,308,3,0.00974025974025974,0.036688311688311666,3.005511939709026,4.5,-4.5,0.41233766233766234
Q9Y4R8,837,2,0.0023894862604540022,0.019474313022700092,3.088672132495167,4.5,-4.5,0.43608124253285546
Q00059,246,1,0.0040650406504065045,-0.9089430894308944,3.021925518984484,4.5,-4.5,0.3048780487804878
Q9H5Q4,396,1,0.0025252525252525255,-0.3106060606060606,3.124065700553913,4.5,-4.5,0.3813131313131313
P02786,760,5,0.006578947368421052,-0.24263157894736842,3.0178762872786153,4.5,-4.5,0.37763157894736843
Q6YHU6,1953,9,0.004608294930875576,0.02314388120839734,3.086197565035296,4.5,-4.5,0.4214029697900666
Q96FV9,657,6,0.0091324200913242,-0.639117199391172,3.047304542392792,4.5,-4.5,0.3287671232876712
Q5SRD1,188,1,0.005319148936170213,0.19414893617021275,2.718126274826673,4.5,-4.5,0.42021276595744683
Q3ZCQ8,353,0,0.0,-0.3793201133144477,3.039559307566315,4.5,-4.5,0.35694050991501414
P29401,623,2,0.0032102728731942215,-0.17399678972712684,3.0388967827964306,4.5,-4.5,0.4028892455858748
Q99805,663,0,0.0,0.2717948717948718,2.9943794921721465,4.5,-4.5,0.4464555052790347
Q9HD45,589,2,0.003395585738539898,0.2458404074702886,3.001245442949583,4.5,-4.5,0.4431239388794567
Q92545,1883,25,0.013276686139139671,-0.36967604885820504,2.9049318495721064,4.5,-4.5,0.32819968135953265
Q5SNT2,666,5,0.0075075075075075074,-0.18798798798798802,2.862977907416369,4.5,-4.5,0.37537537537537535
Q8WUH6,116,1,0.008620689655172414,-0.1948275862068966,2.856264887611882,4.5,-4.5,0.3275862068965517
P57088,247,0,0.0,0.4291497975708501,3.021012861666466,4.5,-4.5,0.4979757085020243
Q96JJ7,454,2,0.004405286343612335,-0.25264317180616747,3.1265566442599675,4.5,-4.5,0.3744493392070485
Q92973,898,1,0.0011135857461024498,-0.12160356347438754,3.1895222552919886,4.5,-4.5,0.41648106904231624
Q8NDV7,1962,36,0.01834862385321101,-0.9417940876656473,2.5822684877288298,4.5,-4.5,0.21865443425076453
Q9UPQ9,1833,34,0.018548827059465357,-0.9610474631751227,2.48472022208443,4.5,-4.5,0.21167484997272232
Q9HCJ0,1936,35,0.018078512396694214,-0.7647210743801655,2.5326239587462203,4.5,-4.5,0.2396694214876033
Q96GM8,510,2,0.00392156862745098,-0.5092156862745097,2.9468383477206683,4.5,-4.5,0.34901960784313724
Q9NS69,142,0,0.0,-0.23661971830985923,2.9505664023747125,4.5,-4.5,0.39436619718309857
O95985,862,2,0.002320185614849188,-0.39721577726218094,2.997340917034586,4.5,-4.5,0.36310904872389793
Q8NFQ8,470,1,0.002127659574468085,-0.6629787234042553,2.8850000294211564,4.5,-4.5,0.30638297872340425
P19474,475,1,0.002105263157894737,-0.4650526315789474,3.1019314437041388,4.5,-4.5,0.36
Q14669,2067,11,0.005321722302854378,-0.5199322689888727,2.971221325275593,4.5,-4.5,0.3362360909530721
P33981,857,8,0.009334889148191364,-0.6415402567094515,3.0493186810730566,4.5,-4.5,0.3208868144690782
P68363,451,1,0.0022172949002217295,-0.23037694013303767,3.02018113578464,4.5,-4.5,0.37915742793791574
F5H5D3,519,2,0.0038535645472061657,-0.22986512524084776,2.99405547542147,4.5,-4.5,0.37764932562620424
P68366,448,1,0.002232142857142857,-0.25156249999999997,3.0153398389415473,4.5,-4.5,0.3794642857142857
Q9NY65,449,1,0.0022271714922048997,-0.2091314031180401,3.0271645281895014,4.5,-4.5,0.38752783964365256
P07437,444,3,0.006756756756756757,-0.34797297297297297,2.9686000035793847,4.5,-4.5,0.36261261261261263
Q13885,445,3,0.006741573033707865,-0.4076404494382023,2.950952625647061,4.5,-4.5,0.35280898876404493
Q9BVA1,445,3,0.006741573033707865,-0.4058426966292135,2.952289079124252,4.5,-4.5,0.35280898876404493
Q13509,450,3,0.006666666666666667,-0.37133333333333324,2.9606306385258154,4.5,-4.5,0.36
P04350,444,3,0.006756756756756757,-0.3213963963963964,2.957433272888945,4.5,-4.5,0.36936936936936937
P68371,445,3,0.006741573033707865,-0.3624719101123596,2.959609479590655,4.5,-4.5,0.36179775280898874
Q9BUF5,446,4,0.008968609865470852,-0.32623318385650224,2.960374730759968,4.5,-4.5,0.36771300448430494
Q3ZCM7,444,3,0.006756756756756757,-0.3551801801801802,2.956653089230731,4.5,-4.5,0.3716216216216216
P23258,451,1,0.0022172949002217295,-0.37472283813747226,3.0878819872339265,4.5,-4.5,0.352549889135255
Q9BSJ2,902,3,0.0033259423503325942,-0.2079822616407982,3.1144898696647108,4.5,-4.5,0.4024390243902439
P62987,128,0,0.0,-0.703125,3.252041125873872,4.5,-4.5,0.3359375
Q8NBM4,344,1,0.0029069767441860465,0.21453488372093027,3.0412413916477425,4.5,-4.5,0.45058139534883723
P60604,165,0,0.0,-0.20484848484848484,2.9642885816372497,4.5,-4.5,0.3939393939393939
Q9NRR5,601,0,0.0,-0.42579034941763727,2.781735727899685,4.5,-4.5,0.3410981697171381
O94888,489,0,0.0,-0.6433537832310839,3.019107826001164,4.5,-4.5,0.32515337423312884
Q5LJA5,355,1,0.0028169014084507044,-0.42422535211267615,3.1202526360211134,4.5,-4.5,0.37746478873239436
Q92890,307,1,0.003257328990228013,-0.4788273615635179,3.0510170130374847,4.5,-4.5,0.3485342019543974
Q9NYU2,1555,3,0.0019292604501607716,-0.3257234726688103,3.1033071314048915,4.5,-4.5,0.37170418006430866
P11172,480,1,0.0020833333333333333,0.07687499999999999,3.1476622649793606,4.5,-4.5,0.42916666666666664
Q92900,1129,5,0.0044286979627989375,-0.3511071744906998,2.997950453721492,4.5,-4.5,0.3534100974313552
Q9HAU5,1272,7,0.00550314465408805,-0.893317610062893,3.1128200625624256,4.5,-4.5,0.31761006289308175
Q6UW78,93,0,0.0,-0.3010752688172042,2.9652284041804027,4.5,-4.5,0.3870967741935484
P22695,453,5,0.011037527593818985,-0.07130242825607065,2.950431902968769,4.5,-4.5,0.4083885209713024
Q14694,798,6,0.007518796992481203,-0.4491228070175439,2.9329974715085982,4.5,-4.5,0.3157894736842105
P55072,806,2,0.0024813895781637717,-0.3476426799007445,3.1720848403857715,4.5,-4.5,0.38337468982630274
P45880,294,3,0.01020408163265306,-0.2741496598639457,2.8173077425757795,4.5,-4.5,0.336734693877551
Q9Y277,283,3,0.01060070671378092,-0.27950530035335697,2.8245898609321567,4.5,-4.5,0.34275618374558303
P08670,466,4,0.008583690987124463,-0.8231759656652361,3.1206530967334327,4.5,-4.5,0.3218884120171674
Q9UN37,437,5,0.011441647597254004,-0.528604118993135,3.042630910414243,4.5,-4.5,0.3501144164759725
Q86Y07,508,2,0.003937007874015748,-0.531496062992126,3.0283945172891036,4.5,-4.5,0.32677165354330706
Q9NQH7,507,1,0.0019723865877712033,-0.3287968441814596,3.040489283160801,4.5,-4.5,0.368836291913215
O14980,1071,4,0.003734827264239029,-0.09169000933706818,3.199590899544399,4.5,-4.5,0.42016806722689076
Q9HAV4,1204,5,0.004152823920265781,-0.05473421926910303,3.1162582734803967,4.5,-4.5,0.42857142857142855
O43592,962,0,0.0,-0.018814968814968826,3.1906681514481803,4.5,-4.5,0.4417879417879418
Q9BSR8,244,0,0.0,0.5266393442622951,3.003752328381171,4.5,-4.5,0.45901639344262296
Q9BYJ9,559,3,0.005366726296958855,-0.740608228980322,2.7204020121474963,4.5,-4.5,0.26475849731663686
Q9Y5A9,579,6,0.010362694300518135,-0.6754749568221071,2.74193801599703,4.5,-4.5,0.2815198618307427
P31946,246,3,0.012195121951219513,-0.7292682926829269,3.019455389092249,4.5,-4.5,0.3333333333333333
P62258,255,2,0.00784313725490196,-0.5399999999999999,3.125512977504496,4.5,-4.5,0.3764705882352941
P61981,247,4,0.016194331983805668,-0.6801619433198381,3.0698302011109515,4.5,-4.5,0.3441295546558704
Q04917,246,2,0.008130081300813009,-0.6182926829268294,3.1050232596217353,4.5,-4.5,0.36585365853658536
P27348,245,3,0.012244897959183673,-0.5118367346938776,3.066112125343947,4.5,-4.5,0.3673469387755102
P63104,245,3,0.012244897959183673,-0.6208163265306124,3.0439527449030535,4.5,-4.5,0.3551020408163265
Q8N5P1,291,0,0.0,-1.2646048109965635,2.8449662724272025,4.5,-4.5,0.25773195876288657
Q9NUD5,403,1,0.0024813895781637717,-0.5558312655086849,2.9366401847189825,4.5,-4.5,0.3523573200992556
Q8TBF4,217,1,0.004608294930875576,-0.940552995391705,2.979857985080294,4.5,-4.5,0.2903225806451613
Q9UDW3,170,0,0.0,-0.8594117647058825,2.987355648667614,4.5,-4.5,0.31176470588235294
Q5BKZ1,582,6,0.010309278350515464,-1.1001718213058418,2.803854116858038,4.5,-4.5,0.23711340206185566
Q96PM9,386,1,0.0025906735751295338,-0.41580310880829013,2.8331190820815464,4.5,-4.5,0.3290155440414508
Q96F45,646,1,0.0015479876160990713,-0.21733746130030962,2.3836146746233173,4.5,-4.5,0.30959752321981426
Q8NDQ6,660,1,0.0015151515151515152,-0.9143939393939394,3.0112348362011137,4.5,-4.5,0.2878787878787879
O00488,134,0,0.0,-1.071641791044776,2.857449335947575,4.5,-4.5,0.2835820895522388
Q9ULD9,1512,15,0.00992063492063492,-0.8962962962962964,2.6953663035090614,4.5,-4.5,0.25925925925925924
Q96CK0,615,1,0.0016260162601626016,-0.6426016260162603,2.8963682999755136,4.5,-4.5,0.3252032520325203
Q9BRT8,395,1,0.002531645569620253,-0.29417721518987344,3.183667420927599,4.5,-4.5,0.36455696202531646
Q15942,572,0,0.0,-0.6304195804195805,2.7343997114529963,4.5,-4.5,0.3111888111888112
P49841,420,6,0.014285714285714285,-0.3185714285714286,3.001251779657608,4.5,-4.5,0.3619047619047619
P38647,679,3,0.004418262150220913,-0.38851251840942574,3.061642208958355,4.5,-4.5,0.37260677466863035
Q99KR7,206,4,0.019417475728155338,-0.1393203883495146,2.8998422327811575,4.5,-4.5,0.3640776699029126
Q60932,296,3,0.010135135135135136,-0.3344594594594595,2.8837197458631083,4.5,-4.5,0.3344594594594595
Q04206,551,1,0.0018148820326678765,-0.46352087114337576,2.921792692842105,4.5,-4.5,0.3411978221415608
Q38DU9,609,4,0.006568144499178982,0.0262725779967159,3.1363171793539566,4.5,-4.5,0.4236453201970443
Q4GYY5,451,2,0.004434589800443459,-0.1791574279379157,3.0190320469838237,4.5,-4.5,0.3902439024390244
