Identifier A,Identifier B,Interaction
A0FGR8,Q8NCK7,1
A1L0T0,Q8NCK7,1
A2A2Q9,Q8NCK7,1
A2A935,P37238,1
A2AEA2,Q8NCK7,1
A5PL33,Q8NCK7,1
A8MTZ0,Q15154,1
A8MTZ0,Q8IWZ6,1
A8MTZ0,Q8NFJ9,1
A8MTZ0,Q96RK4,1
A8MTZ0,Q9BXC9,1
B1ANR0,Q8NCK7,1
B4DLN1,Q8NCK7,1
B4DR61,Q8NCK7,1
B5MDF5,Q8NCK7,1
C9JNU6,Q8NCK7,1
C9JRZ6,Q8NCK7,1
D4ABI7,P15127,1
E7EMK3,Q8NCK7,1
E9PRG8,Q8NCK7,1
F1MWF1,O41515,1
F5H5D3,Q8NCK7,1
F8W1S1,Q8NCK7,1
G3H0F0,O14901,1
G3V325,Q8NCK7,1
G3V5Z7,Q8NCK7,1
H0YMV8,Q8NCK7,1
H3BMF4,Q8NCK7,1
J3KN16,Q8NCK7,1
J3KNF5,Q8NCK7,1
J3KPP4,Q8NCK7,1
J3KPS0,Q8NCK7,1
J3KPX7,Q8NCK7,1
M0QXB4,Q8NCK7,1
O00231,Q8NCK7,1
O00232,Q8NCK7,1
O00264,Q8NCK7,1
O00287,Q8NCK7,1
O00303,Q8NCK7,1
O00311,Q8NCK7,1
O00410,Q8NCK7,1
O00483,Q8NCK7,1
O00487,Q8NCK7,1
O00488,Q8NCK7,1
O00743,Q8NCK7,1
O09044,P63044,1
O09044,P63045,1
O09044,P70452,1
O09044,Q08850,1
O09044,Q60770,1
O14497,Q8NCK7,1
O14524,Q8NCK7,1
O14654,Q8NCK7,1
O14681,Q8NCK7,1
O14818,Q8NCK7,1
O14929,Q8NCK7,1
O14974,Q8NCK7,1
O14980,Q8NCK7,1
O15020,Q8NCK7,1
O15260,Q8NCK7,1
O15269,Q8NCK7,1
O35567,P15127,1
O43164,Q8NCK7,1
O43175,Q8NCK7,1
O43242,Q8NCK7,1
O43251,Q8NCK7,1
O43524,Q9NTG7,1
O43592,Q8NCK7,1
O43617,Q96QF0,1
O43681,Q8NCK7,1
O43795,Q8NCK7,1
O43809,Q8NCK7,1
O43819,Q8NCK7,1
O55013,Q96QF0,1
O60237,Q8NCK7,1
O60884,Q8NCK7,1
O75190,Q8NCK7,1
O75376,P37231,1
O75396,Q8NCK7,1
O75477,Q8NCK7,1
O75600,Q8NCK7,1
O75607,Q8NCK7,1
O75683,Q8NCK7,1
O75746,Q8NCK7,1
O75787,Q8NCK7,1
O75865,Q96QF0,1
O75915,Q8NCK7,1
O75947,Q8NCK7,1
O75953,Q8NCK7,1
O75964,Q8NCK7,1
O75970,Q8NCK7,1
O76024,P05026,1
O76024,P16615,1
O88848,P55258,1
O88848,P62492,1
O88848,Q02248,1
O88848,Q3V3N7,1
O88848,Q811G0,1
O88848,Q8C1Z7,1
O88848,Q8K2G4,1
O88848,Q8VD72,1
O88848,Q9CWF6,1
O88848,Q9CZQ9,1
O88900,P15127,1
O94761,Q8NCK7,1
O94888,Q8NCK7,1
O94905,Q8NCK7,1
O95273,P55042,1
O95347,Q8NCK7,1
O95433,Q8NCK7,1
O95816,Q8NCK7,1
O95817,Q8NCK7,1
O95831,Q8NCK7,1
O95985,Q8NCK7,1
O96019,Q8NCK7,1
P00367,Q8NCK7,1
P00403,Q8NCK7,1
P01024,Q8NCK7,1
P01889,Q8NCK7,1
P02533,Q8NCK7,1
P02538,Q8NCK7,1
P02545,Q8NCK7,1
P02651,Q63503,1
P02768,Q8NCK7,1
P02786,Q8NCK7,1
P04259,Q8NCK7,1
P04350,Q8NCK7,1
P04843,Q8NCK7,1
P04844,Q8NCK7,1
P04908,Q8NCK7,1
P05023,Q8NCK7,1
P05067,Q8NCK7,1
P05141,Q8NCK7,1
P06213,P31939,1
P06213,P54646,1
P06213,P60709,1
P06213,Q12840,1
P06213,Q14449,1
P06213,Q9P035,1
P06493,Q8NCK7,1
P06576,Q8NCK7,1
P06727,P20393,1
P06730,Q8NCK7,1
P06737,Q8NCK7,1
P07195,Q8NCK7,1
P07197,Q8NCK7,1
P07437,Q8NCK7,1
P07900,Q8NCK7,1
P08195,Q8NCK7,1
P08238,Q8NCK7,1
P08243,Q8NCK7,1
P08670,Q8NCK7,1
P0C0S5,Q8NCK7,1
P0DI81,Q96QF0,1
P0DJI6,Q9R1E0,1
P0DJI6,Q9WVH4,1
P0DTC2,P11021,1
P0DTC2,Q9BYF1,1
P10316,Q8NCK7,1
P11021,Q9BYF1,1
P11142,Q8NCK7,1
P11172,Q8NCK7,1
P11177,Q8NCK7,1
P11881,P38647,1
P11881,Q60932,1
P11881,Q99KR7,1
P11940,Q8NCK7,1
P12004,Q8NCK7,1
P12235,Q8NCK7,1
P12236,Q8NCK7,1
P12268,Q8NCK7,1
P13645,Q8NCK7,1
P13804,Q8NCK7,1
P13995,Q8NCK7,1
P14625,Q8NCK7,1
P15127,Q09137,1
P15127,Q66H80,1
P15127,Q9WV78,1
P15208,Q3UJU9,1
P16615,Q8NCK7,1
P17066,Q8NCK7,1
P17980,Q8NCK7,1
P17987,Q8NCK7,1
P17987,Q9NPJ1,1
P18859,Q8NCK7,1
P19474,Q8NCK7,1
P20020,Q8NCK7,1
P20340,Q8NCK7,1
P20618,Q8NCK7,1
P20671,Q8NCK7,1
P20700,Q8NCK7,1
P21796,P38646,1
P21796,Q14643,1
P21796,Q8NCK7,1
P22102,Q8NCK7,1
P22695,Q8NCK7,1
P23258,Q8NCK7,1
P24539,Q8NCK7,1
P25685,Q8NCK7,1
P25705,Q8NCK7,1
P25786,Q8NCK7,1
P25787,Q8NCK7,1
P25788,Q8NCK7,1
P26196,Q8NCK7,1
P26641,Q8NCK7,1
P27348,Q8NCK7,1
P27708,Q8NCK7,1
P27824,Q8NCK7,1
P27986,Q96EB6,1
P27986,Q9Y4H2,1
P28066,Q8NCK7,1
P28070,Q8NCK7,1
P28072,Q8NCK7,1
P28074,Q8NCK7,1
P28288,Q8NCK7,1
P29401,Q8NCK7,1
P30405,Q14643,1
P30837,Q8NCK7,1
P31689,Q8NCK7,1
P31749,Q14643,1
P31946,Q8NCK7,1
P31948,Q8NCK7,1
P33778,Q8NCK7,1
P33981,Q8NCK7,1
P33993,Q8NCK7,1
P34897,Q8NCK7,1
P35232,Q8NCK7,1
P35568,Q96EB6,1
P35606,Q8NCK7,1
P35613,Q8NCK7,1
P35637,Q8NCK7,1
P35908,Q8NCK7,1
P35998,Q8NCK7,1
P36542,Q8NCK7,1
P36873,Q8NCK7,1
P37231,Q00535,1
P37238,Q923E4,1
P37238,Q96EB6,1
P38435,Q8NCK7,1
P38606,Q8NCK7,1
P38646,Q14643,1
P39656,Q8NCK7,1
P40937,Q8NCK7,1
P40939,Q8NCK7,1
P41223,Q8NCK7,1
P42677,Q8NCK7,1
P42704,Q8NCK7,1
P43487,Q8NCK7,1
P43686,Q8NCK7,1
P45880,Q8NCK7,1
P45954,Q8NCK7,1
P46060,Q8NCK7,1
P46379,Q8NCK7,1
P46977,Q8NCK7,1
P47914,Q8NCK7,1
P48047,Q8NCK7,1
P48356,Q8NFJ9,1
P48382,Q8NCK7,1
P48553,Q96QF0,1
P48643,Q8NCK7,1
P48651,Q8NCK7,1
P49207,Q8NCK7,1
P49454,Q8NCK7,1
P49593,Q8NCK7,1
P49720,Q8NCK7,1
P49721,Q8NCK7,1
P49841,Q14449,1
P50402,Q8NCK7,1
P50454,Q8NCK7,1
P50502,Q8NCK7,1
P50993,Q8NCK7,1
P51570,Q8NCK7,1
P51571,Q8NCK7,1
P51617,Q8NCK7,1
P51648,Q8NCK7,1
P51665,Q8NCK7,1
P51970,Q8NCK7,1
P52429,Q8NCK7,1
P52701,Q8NCK7,1
P52756,Q8NCK7,1
P52789,Q8NCK7,1
P53007,Q8NCK7,1
P53396,Q8NCK7,1
P53618,Q8NCK7,1
P53621,Q8NCK7,1
P53985,Q8NCK7,1
P54652,Q8NCK7,1
P54709,Q8NCK7,1
P55060,Q8NCK7,1
P55072,Q8NCK7,1
P55084,Q8NCK7,1
P55209,Q8NCK7,1
P55258,Q02248,1
P55258,Q9CWF6,1
P55786,Q8NCK7,1
P56524,Q8NCK7,1
P56537,Q8NCK7,1
P56589,Q8NCK7,1
P56726,Q8IWZ6,1
P56726,Q8N3I7,1
P56726,Q8NFJ9,1
P56726,Q96RK4,1
P56962,Q8NCK7,1
P57088,Q8NCK7,1
P57740,Q8NCK7,1
P60228,Q8NCK7,1
P60604,Q8NCK7,1
P61006,Q8NCK7,1
P61006,Q96QF0,1
P61026,Q8NCK7,1
P61163,Q8NCK7,1
P61962,Q8NCK7,1
P61981,Q8NCK7,1
P62136,Q8NCK7,1
P62140,Q8NCK7,1
P62191,Q8NCK7,1
P62195,Q8NCK7,1
P62258,Q8NCK7,1
P62333,Q8NCK7,1
P62491,Q96QF0,1
P62492,Q02248,1
P62492,Q9CWF6,1
P62805,Q8NCK7,1
P62820,Q8NCK7,1
P62873,Q8NCK7,1
P62987,Q8NCK7,1
P63044,P70452,1
P63044,Q60770,1
P63045,Q08850,1
P63098,Q60700,1
P63104,Q8NCK7,1
P63167,Q8NCK7,1
P63173,Q8NCK7,1
P63244,Q8NCK7,1
P67870,P68400,1
P68104,Q8NCK7,1
P68363,Q8NCK7,1
P68366,Q8NCK7,1
P68371,Q8NCK7,1
P68400,Q14449,1
P68431,Q8NCK7,1
P70452,Q60770,1
P78318,Q8NCK7,1
P78371,Q8IWZ6,1
P78371,Q9BXC9,1
P78371,Q9NPJ1,1
P78527,Q8NCK7,1
P82912,Q8NCK7,1
P84090,Q8NCK7,1
P84243,Q8NCK7,1
Q00059,Q8NCK7,1
Q00325,Q8NCK7,1
Q00577,Q8NCK7,1
Q02248,Q9CWF6,1
Q02978,Q8NCK7,1
Q04206,Q9UBK2,1
Q04637,Q8NCK7,1
Q04917,Q8NCK7,1
Q07065,Q8NCK7,1
Q08209,Q60700,1
Q08850,Q60770,1
Q08945,Q8NCK7,1
Q09161,Q8NCK7,1
Q09472,Q9R1E0,1
Q12797,Q8NCK7,1
Q13123,Q8NCK7,1
Q13200,Q8NCK7,1
Q13217,Q8NCK7,1
Q13283,Q8NCK7,1
Q13409,Q8NCK7,1
Q13418,Q8NCK7,1
Q13509,Q8NCK7,1
Q13573,Q8NCK7,1
Q13627,Q8NCK7,1
Q13724,Q8NCK7,1
Q13823,Q8NCK7,1
Q13885,Q8NCK7,1
Q14203,Q8NCK7,1
Q14204,Q8NCK7,1
Q14257,Q8NCK7,1
Q14444,Q8NCK7,1
Q14527,Q8NCK7,1
Q14568,Q8NCK7,1
Q14669,Q8NCK7,1
Q14683,Q8NCK7,1
Q14694,Q8NCK7,1
Q14697,Q8NCK7,1
Q14739,Q8NCK7,1
Q14746,Q8NCK7,1
Q14974,Q8NCK7,1
Q15006,Q8NCK7,1
Q15008,Q8NCK7,1
Q15014,Q8NCK7,1
Q15154,Q8NFJ9,1
Q15154,Q96RK4,1
Q15293,Q8NCK7,1
Q15392,Q8NCK7,1
Q15434,Q8NCK7,1
Q15773,Q8NCK7,1
Q15907,Q8NCK7,1
Q15907,Q96QF0,1
Q15942,Q8NCK7,1
Q16531,Q8NCK7,1
Q16637,Q8NCK7,1
Q16891,Q8NCK7,1
Q2KHR2,Q8NCK7,1
Q2TAC2,Q8NCK7,1
Q38DU9,Q57UH8,1
Q3SYG4,Q8IWZ6,1
Q3SYG4,Q8N3I7,1
Q3SYG4,Q8NFJ9,1
Q3SYG4,Q8TAM2,1
Q3SYG4,Q96RK4,1
Q3SYG4,Q9BXC9,1
Q3SYG4,Q9H0F7,1
Q3SYG4,Q9NQ48,1
Q3TLI0,Q96QF0,1
Q3U0M1,Q96QF0,1
Q3UPR7,Q96QF0,1
Q3V3N7,Q811G0,1
Q3V3N7,Q8C1Z7,1
Q3V3N7,Q8K2G4,1
Q3V3N7,Q8VD72,1
Q3V3N7,Q96RK4,1
Q3V3N7,Q9CWF6,1
Q3V3N7,Q9CZQ9,1
Q3ZCM7,Q8NCK7,1
Q3ZCQ8,Q8NCK7,1
Q4GYY5,Q57UH8,1
Q4VC05,Q8NCK7,1
Q52LR7,Q8NCK7,1
Q53EU6,Q8NCK7,1
Q53G59,Q8NCK7,1
Q53GQ0,Q8NCK7,1
Q53R41,Q8NCK7,1
Q58EX7,Q8NCK7,1
Q5BKY9,Q8NCK7,1
Q5BKZ1,Q8NCK7,1
Q5C9Z4,Q8NCK7,1
Q5H9R7,Q8NCK7,1
Q5HYI8,Q8NCK7,1
Q5JPE7,Q8NCK7,1
Q5JWF2,Q8NCK7,1
Q5LJA5,Q8NCK7,1
Q5M775,Q8NCK7,1
Q5NCF2,Q96QF0,1
Q5QPK2,Q8NCK7,1
Q5SNT2,Q8NCK7,1
Q5SRD1,Q8NCK7,1
Q5SRE5,Q8NCK7,1
Q5T160,Q8NCK7,1
Q5T3I0,Q8NCK7,1
Q5TEC6,Q8NCK7,1
Q5VWC4,Q8NCK7,1
Q5W0B1,Q8NCK7,1
Q5XKP0,Q8NCK7,1
Q60700,Q60700,1
Q66K89,Q8NCK7,1
Q68CQ7,Q8NCK7,1
Q69YQ0,Q8NCK7,1
Q6DN90,Q8NCK7,1
Q6IEG0,Q8NCK7,1
Q6NXE6,Q8NCK7,1
Q6P4A7,Q8NCK7,1
Q6PCB8,Q8NCK7,1
Q6PI48,Q8NCK7,1
Q6PJG2,Q8NCK7,1
Q6PJG6,Q8NCK7,1
Q6UW78,Q8NCK7,1
Q6YHU6,Q8NCK7,1
Q6ZNB6,Q8NCK7,1
Q6ZW61,Q8IWZ6,1
Q6ZW61,Q9NPJ1,1
Q71DI3,Q8NCK7,1
Q71RC2,Q8NCK7,1
Q7L5D6,Q8NCK7,1
Q7RTV0,Q8NCK7,1
Q7Z3C6,Q8NCK7,1
Q7Z3U7,Q8NCK7,1
Q7Z3Y7,Q8NCK7,1
Q7Z6Z7,Q8NCK7,1
Q80U30,Q8BH75,1
Q811G0,Q96RK4,1
Q811G0,Q9CWF6,1
Q86SZ2,Q96QF0,1
Q86UL3,Q8NCK7,1
Q86VP6,Q8NCK7,1
Q86X55,Q8NCK7,1
Q86X95,Q8NCK7,1
Q86Y07,Q8NCK7,1
Q86Y56,Q8NCK7,1
Q8C1Z7,Q9BXC9,1
Q8C1Z7,Q9CWF6,1
Q8IUR0,Q96QF0,1
Q8IWZ6,Q8N3I7,1
Q8IWZ6,Q8NFJ9,1
Q8IWZ6,Q8TAM2,1
Q8IWZ6,Q96RK4,1
Q8IWZ6,Q9BXC9,1
Q8IWZ6,Q9H0F7,1
Q8IWZ6,Q9NPJ1,1
Q8IWZ6,Q9NQ48,1
Q8IXI1,Q8NCK7,1
Q8IYB5,Q8NCK7,1
Q8K2G4,Q96RK4,1
Q8K2G4,Q9BXC9,1
Q8K2G4,Q9CWF6,1
Q8N0V3,Q8NCK7,1
Q8N1F7,Q8NCK7,1
Q8N1N4,Q8NCK7,1
Q8N3I7,Q8NFJ9,1
Q8N3I7,Q96RK4,1
Q8N3I7,Q9BXC9,1
Q8N3R9,Q8NCK7,1
Q8N5F7,Q8NCK7,1
Q8N5P1,Q8NCK7,1
Q8N9E0,Q8NCK7,1
Q8N9M5,Q96QF0,1
Q8NBJ5,Q8NCK7,1
Q8NBM4,Q8NCK7,1
Q8NCK7,Q8NCK7,1
Q8NCK7,Q8ND56,1
Q8NCK7,Q8NDQ6,1
Q8NCK7,Q8NDV7,1
Q8NCK7,Q8NF37,1
Q8NCK7,Q8NFD5,1
Q8NCK7,Q8NFQ8,1
Q8NCK7,Q8NI60,1
Q8NCK7,Q8TA86,1
Q8NCK7,Q8TAT6,1
Q8NCK7,Q8TBF4,1
Q8NCK7,Q8TC07,1
Q8NCK7,Q8TCJ2,1
Q8NCK7,Q8TEM1,1
Q8NCK7,Q8TEQ8,1
Q8NCK7,Q8TEX9,1
Q8NCK7,Q8WTW3,1
Q8NCK7,Q8WUH6,1
Q8NCK7,Q8WUM0,1
Q8NCK7,Q8WVM8,1
Q8NCK7,Q8WVX9,1
Q8NCK7,Q92538,1
Q8NCK7,Q92545,1
Q8NCK7,Q92615,1
Q8NCK7,Q92616,1
Q8NCK7,Q92621,1
Q8NCK7,Q92643,1
Q8NCK7,Q92665,1
Q8NCK7,Q92782,1
Q8NCK7,Q92804,1
Q8NCK7,Q92890,1
Q8NCK7,Q92900,1
Q8NCK7,Q92922,1
Q8NCK7,Q92947,1
Q8NCK7,Q92973,1
Q8NCK7,Q93084,1
Q8NCK7,Q969V3,1
Q8NCK7,Q96A33,1
Q8NCK7,Q96BR5,1
Q8NCK7,Q96BY9,1
Q8NCK7,Q96CK0,1
Q8NCK7,Q96CS3,1
Q8NCK7,Q96D53,1
Q8NCK7,Q96F45,1
Q8NCK7,Q96FV9,1
Q8NCK7,Q96GD4,1
Q8NCK7,Q96GF1,1
Q8NCK7,Q96GM8,1
Q8NCK7,Q96HA1,1
Q8NCK7,Q96JJ7,1
Q8NCK7,Q96L91,1
Q8NCK7,Q96P70,1
Q8NCK7,Q96PK6,1
Q8NCK7,Q96PM9,1
Q8NCK7,Q96S52,1
Q8NCK7,Q96T76,1
Q8NCK7,Q99460,1
Q8NCK7,Q99570,1
Q8NCK7,Q99615,1
Q8NCK7,Q99653,1
Q8NCK7,Q99707,1
Q8NCK7,Q99733,1
Q8NCK7,Q99805,1
Q8NCK7,Q99942,1
Q8NCK7,Q9BPW8,1
Q8NCK7,Q9BRK5,1
Q8NCK7,Q9BRT8,1
Q8NCK7,Q9BRX2,1
Q8NCK7,Q9BSD7,1
Q8NCK7,Q9BSJ2,1
Q8NCK7,Q9BSR8,1
Q8NCK7,Q9BTY2,1
Q8NCK7,Q9BUF5,1
Q8NCK7,Q9BUJ2,1
Q8NCK7,Q9BVA1,1
Q8NCK7,Q9BW92,1
Q8NCK7,Q9BWJ5,1
Q8NCK7,Q9BXF3,1
Q8NCK7,Q9BXW9,1
Q8NCK7,Q9BYJ9,1
Q8NCK7,Q9BYW2,1
Q8NCK7,Q9C005,1
Q8NCK7,Q9GZN1,1
Q8NCK7,Q9H078,1
Q8NCK7,Q9H0E9,1
Q8NCK7,Q9H0U4,1
Q8NCK7,Q9H147,1
Q8NCK7,Q9H1K4,1
Q8NCK7,Q9H2F5,1
Q8NCK7,Q9H307,1
Q8NCK7,Q9H583,1
Q8NCK7,Q9H5Q4,1
Q8NCK7,Q9H5V9,1
Q8NCK7,Q9H773,1
Q8NCK7,Q9H7B2,1
Q8NCK7,Q9H936,1
Q8NCK7,Q9H9E1,1
Q8NCK7,Q9H9S3,1
Q8NCK7,Q9HAF1,1
Q8NCK7,Q9HAU5,1
Q8NCK7,Q9HAV4,1
Q8NCK7,Q9HCJ0,1
Q8NCK7,Q9HCU5,1
Q8NCK7,Q9HD20,1
Q8NCK7,Q9HD45,1
Q8NCK7,Q9HDC9,1
Q8NCK7,Q9NP92,1
Q8NCK7,Q9NPF5,1
Q8NCK7,Q9NQ29,1
Q8NCK7,Q9NQH7,1
Q8NCK7,Q9NRG9,1
Q8NCK7,Q9NRR5,1
Q8NCK7,Q9NS69,1
Q8NCK7,Q9NSG2,1
Q8NCK7,Q9NTJ3,1
Q8NCK7,Q9NTJ5,1
Q8NCK7,Q9NUD5,1
Q8NCK7,Q9NUP9,1
Q8NCK7,Q9NV56,1
Q8NCK7,Q9NVI1,1
Q8NCK7,Q9NWB6,1
Q8NCK7,Q9NY65,1
Q8NCK7,Q9NYA4,1
Q8NCK7,Q9NYU2,1
Q8NCK7,Q9NZ01,1
Q8NCK7,Q9P0I2,1
Q8NCK7,Q9P2R6,1
Q8NCK7,Q9UBB4,1
Q8NCK7,Q9UBF2,1
Q8NCK7,Q9UBM7,1
Q8NCK7,Q9UBS4,1
Q8NCK7,Q9UBU8,1
Q8NCK7,Q9UBV2,1
Q8NCK7,Q9UBX3,1
Q8NCK7,Q9UDW3,1
Q8NCK7,Q9UDY4,1
Q8NCK7,Q9UET6,1
Q8NCK7,Q9UH99,1
Q8NCK7,Q9UHI6,1
Q8NCK7,Q9UI12,1
Q8NCK7,Q9UJS0,1
Q8NCK7,Q9UJV9,1
Q8NCK7,Q9UKV0,1
Q8NCK7,Q9UL15,1
Q8NCK7,Q9ULD9,1
Q8NCK7,Q9ULX6,1
Q8NCK7,Q9UN37,1
Q8NCK7,Q9UN81,1
Q8NCK7,Q9UN86,1
Q8NCK7,Q9UNF1,1
Q8NCK7,Q9UNM6,1
Q8NCK7,Q9UNP9,1
Q8NCK7,Q9UPQ9,1
Q8NCK7,Q9UPT5,1
Q8NCK7,Q9UQL6,1
Q8NCK7,Q9Y277,1
Q8NCK7,Q9Y285,1
Q8NCK7,Q9Y2G8,1
Q8NCK7,Q9Y2J4,1
Q8NCK7,Q9Y383,1
Q8NCK7,Q9Y3C1,1
Q8NCK7,Q9Y3C7,1
Q8NCK7,Q9Y3D0,1
Q8NCK7,Q9Y3Y2,1
Q8NCK7,Q9Y448,1
Q8NCK7,Q9Y4L1,1
Q8NCK7,Q9Y4R8,1
Q8NCK7,Q9Y4W6,1
Q8NCK7,Q9Y4Y9,1
Q8NCK7,Q9Y5A9,1
Q8NCK7,Q9Y5B9,1
Q8NCK7,Q9Y5V3,1
Q8NCK7,Q9Y679,1
Q8NCK7,R4GMR5,1
Q8NCK7,U3KQK0,1
Q8NFJ9,Q8TAM2,1
Q8NFJ9,Q96QF0,1
Q8NFJ9,Q96RK4,1
Q8NFJ9,Q9BXC9,1
Q8NFJ9,Q9H0F7,1
Q8TAM1,Q9NPJ1,1
Q8TAM2,Q96RK4,1
Q8TAM2,Q9BXC9,1
Q8TAM2,Q9H0F7,1
Q8VD72,Q96RK4,1
Q8VD72,Q9CWF6,1
Q96EB6,Q9R1E0,1
Q96EB6,Q9Y4H2,1
Q96Q05,Q96QF0,1
Q96QF0,Q96RK4,1
Q96QF0,Q9CQA1,1
Q96QF0,Q9CQP2,1
Q96QF0,Q9D289,1
Q96QF0,Q9ES56,1
Q96QF0,Q9JME7,1
Q96QF0,Q9UL33,1
Q96QF0,Q9Y296,1
Q96QF0,Q9Y5R8,1
Q96RK4,Q9BXC9,1
Q96RK4,Q9CWF6,1
Q96RK4,Q9CZQ9,1
Q96RK4,Q9H0F7,1
Q96RK4,Q9JHQ5,1
Q9BXC9,Q9CZQ9,1
Q9BXC9,Q9H0F7,1
Q9BXC9,Q9NPJ1,1
Q9BXC9,Q9NQ48,1
Q9CWF6,Q9CZQ9,1
Q9CWF6,Q9JHQ5,1
Q9NQ48,Q9NQ48,1
A1L0T0,Q2KHR2,0
A1L0T0,Q9HD20,0
A1L0T0,Q9P0I2,0
A2A2Q9,J3KPX7,0
A2A2Q9,O55013,0
A2A2Q9,P27824,0
A2A2Q9,Q9NQ48,0
A2A935,J3KN16,0
A2A935,O75964,0
A2A935,Q12840,0
A2A935,Q9UN81,0
A2A935,Q9Y4L1,0
A2AEA2,O00287,0
A2AEA2,Q3V3N7,0
A2AEA2,Q9BRK5,0
A5PL33,P06493,0
A5PL33,Q07065,0
A5PL33,Q3UPR7,0
A5PL33,Q9H9S3,0
A8MTZ0,O43524,0
A8MTZ0,P60604,0
B1ANR0,P46977,0
B4DLN1,O43795,0
B4DLN1,Q9UJV9,0
B4DR61,P0DI81,0
B4DR61,Q12840,0
B4DR61,Q9UDY4,0
B5MDF5,P28072,0
C9JNU6,P35998,0
C9JNU6,Q2KHR2,0
C9JRZ6,P08195,0
C9JRZ6,Q86Y07,0
C9JRZ6,Q8N0V3,0
C9JRZ6,Q8NFJ9,0
D4ABI7,O95433,0
D4ABI7,P36873,0
D4ABI7,Q9H5Q4,0
E7EMK3,Q9Y3C7,0
E9PRG8,P11940,0
E9PRG8,P35568,0
E9PRG8,P46977,0
E9PRG8,Q15773,0
F1MWF1,P35637,0
F1MWF1,Q5QPK2,0
F1MWF1,Q5VWC4,0
F1MWF1,Q9UNF1,0
F1MWF1,R4GMR5,0
G3H0F0,Q09161,0
G3H0F0,Q9H936,0
G3V325,Q96CK0,0
G3V5Z7,O75964,0
G3V5Z7,Q8N5P1,0
J3KN16,P35637,0
J3KN16,Q9UJS0,0
J3KNF5,O95817,0
J3KPS0,P62873,0
J3KPS0,Q13823,0
J3KPS0,Q9Y4W6,0
J3KPX7,P06727,0
J3KPX7,Q13123,0
M0QXB4,O75396,0
M0QXB4,Q12840,0
M0QXB4,Q13217,0
M0QXB4,Q96GM8,0
M0QXB4,Q9JME7,0
O00231,P0C0S5,0
O00231,P35637,0
O00232,Q8N3R9,0
O00264,P38646,0
O00264,P52429,0
O00264,Q5T160,0
O00287,P54646,0
O00287,Q3SYG4,0
O00303,P02545,0
O00303,P22102,0
O00303,P67870,0
O00311,O75396,0
O00311,Q92545,0
O00410,O14901,0
O00483,O14929,0
O00483,P52789,0
O00483,Q8TAM1,0
O00487,P48643,0
O00487,Q00325,0
O00488,Q60700,0
O00743,P05141,0
O00743,P55209,0
O00743,Q3UJU9,0
O09044,O95816,0
O09044,P56537,0
O09044,P61026,0
O14524,Q6DN90,0
O14654,Q9Y4L1,0
O14681,Q00059,0
O14681,Q9JME7,0
O14929,P60709,0
O14974,Q6PI48,0
O14980,P61006,0
O15020,Q9UNM6,0
O15260,P31689,0
O15260,Q9H936,0
O15269,O43809,0
O15269,Q96EB6,0
O15269,Q9Y4H2,0
O35567,P56537,0
O35567,Q9CWF6,0
O41515,P29401,0
O41515,P51648,0
O43175,Q7Z3U7,0
O43175,Q8N1F7,0
O43175,Q8TC07,0
O43242,Q6P4A7,0
O43242,Q8NDV7,0
O43251,P48643,0
O43251,Q8TEX9,0
O43524,Q14444,0
O43524,Q4GYY5,0
O43524,Q96GM8,0
O43524,Q96HA1,0
O43524,Q9UN37,0
O43592,P06493,0
O43592,Q3TLI0,0
O43592,Q8N1N4,0
O43592,Q9NP92,0
O43592,Q9NRG9,0
O43592,Q9UL15,0
O43617,Q96GF1,0
O43681,O60237,0
O43681,Q14694,0
O43681,Q92616,0
O43681,Q96GM8,0
O43795,P15208,0
O43795,Q14568,0
O43795,Q6UW78,0
O55013,Q8WUM0,0
O60237,P19474,0
O60237,P40939,0
O60884,P35232,0
O75190,P63173,0
O75376,Q14444,0
O75376,Q8WTW3,0
O75376,Q96CS3,0
O75396,Q60932,0
O75396,Q9H2F5,0
O75477,Q86Y56,0
O75600,P02533,0
O75600,P19474,0
O75600,P55084,0
O75607,P33993,0
O75607,Q13823,0
O75607,Q96CK0,0
O75607,Q9H1K4,0
O75683,Q5SRD1,0
O75746,P29401,0
O75746,Q13724,0
O75787,Q15293,0
O75787,Q9NRR5,0
O75915,O95347,0
O75915,P28072,0
O75915,P31749,0
O75915,P53621,0
O75915,P61006,0
O75915,Q96S52,0
O75915,Q9Y2J4,0
O75947,P18859,0
O75947,Q5C9Z4,0
O75947,Q9UBU8,0
O75953,P35606,0
O75953,Q04637,0
O75953,Q13627,0
O75964,Q3ZCQ8,0
O75970,Q8NDV7,0
O76024,P20020,0
O76024,P51570,0
O76024,Q3SYG4,0
O76024,Q52LR7,0
O76024,Q9BYJ9,0
O88848,P26196,0
O88848,Q9NUP9,0
O88900,P78527,0
O88900,Q99733,0
O88900,Q9HCJ0,0
O94761,Q9BXW9,0
O94888,P35568,0
O94888,P35908,0
O94888,Q9UN81,0
O94905,P48651,0
O94905,Q8TAM2,0
O94905,Q9BYF1,0
O95273,P35568,0
O95347,Q7Z3Y7,0
O95347,Q9UPQ9,0
O95433,Q96EB6,0
O95816,P22102,0
O95816,P53396,0
O95816,P62820,0
O95816,Q5BKZ1,0
O95816,Q9CQA1,0
O95816,Q9UDW3,0
O95817,Q13509,0
O95831,P37231,0
O95831,Q9BVA1,0
O95985,Q8IUR0,0
O95985,Q8N0V3,0
O95985,Q8NI60,0
P00403,P02651,0
P00403,Q6PJG6,0
P00403,Q9NQH7,0
P00403,Q9UPQ9,0
P01024,Q3U0M1,0
P01889,P61962,0
P01889,Q96T76,0
P02533,P60604,0
P02533,Q53GQ0,0
P02533,Q8TAM1,0
P02533,Q9D289,0
P02533,Q9UHI6,0
P02538,Q92804,0
P02538,Q9Y4H2,0
P02545,P04843,0
P02545,P06493,0
P02545,P68104,0
P02545,Q5M775,0
P02786,P63044,0
P04259,Q96P70,0
P04259,Q9NUD5,0
P04259,Q9UH99,0
P04350,P46379,0
P04350,P52789,0
P04350,P70452,0
P04350,P84243,0
P04350,Q9H936,0
P04843,P06730,0
P04843,Q04637,0
P04843,Q14568,0
P04843,Q15008,0
P04843,Q6PI48,0
P04844,P53985,0
P04844,P61981,0
P04844,Q9WVH4,0
P04908,P05026,0
P05023,Q99KR7,0
P05026,P07197,0
P05026,P30405,0
P05026,P35908,0
P05067,Q86VP6,0
P05141,P61006,0
P06213,Q5H9R7,0
P06213,Q9C005,0
P06493,P63173,0
P06493,Q15907,0
P06493,Q8WVX9,0
P06493,Q92615,0
P06576,P27708,0
P06576,Q8N3I7,0
P06727,Q63503,0
P06727,Q92890,0
P06730,P37231,0
P06730,Q9UDY4,0
P06737,P28074,0
P06737,P52701,0
P06737,P53621,0
P07197,P22102,0
P07197,Q04917,0
P07197,Q2KHR2,0
P07437,Q9ES56,0
P07437,R4GMR5,0
P07900,P46060,0
P07900,Q9BUJ2,0
P08195,Q7Z3C6,0
P08238,P39656,0
P08238,Q8TAT6,0
P08238,Q9BXW9,0
P08670,P34897,0
P08670,P51648,0
P0DJI6,P20700,0
P0DTC2,Q2TAC2,0
P10316,P49721,0
P10316,P68431,0
P10316,Q04637,0
P10316,Q5QPK2,0
P10316,Q7Z6Z7,0
P10316,Q8NFJ9,0
P10316,Q9UPT5,0
P11172,Q9Y3C7,0
P11177,Q9UNP9,0
P11881,Q96BR5,0
P12004,Q9BYF1,0
P12236,P30405,0
P12268,Q14257,0
P13645,Q86UL3,0
P13645,Q9ULX6,0
P13804,Q9P035,0
P16615,P68363,0
P17980,P31689,0
P17980,Q9Y383,0
P18859,Q5T160,0
P18859,Q6PI48,0
P18859,Q9H5V9,0
P19474,Q9BXC9,0
P20020,P35606,0
P20020,Q12797,0
P20340,Q9NQH7,0
P20393,Q8N3R9,0
P20393,Q9BXC9,0
P20393,Q9UQL6,0
P20618,P68371,0
P20618,Q5TEC6,0
P20618,Q9NUP9,0
P20671,P35637,0
P20700,P28066,0
P21796,P35606,0
P21796,Q9BRX2,0
P21796,Q9H147,0
P21796,Q9NYU2,0
P21796,Q9UNP9,0
P22102,P39656,0
P22102,Q99805,0
P22695,P28066,0
P22695,Q9UL33,0
P23258,Q71RC2,0
P23258,Q8TEQ8,0
P24539,Q6ZNB6,0
P25705,P68400,0
P25705,Q66K89,0
P25705,Q9HD20,0
P25786,P33993,0
P25786,Q6UW78,0
P25786,Q8IWZ6,0
P25786,Q92804,0
P25787,Q9Y5B9,0
P25788,P78527,0
P26641,Q14739,0
P26641,Q8TEM1,0
P27348,P53621,0
P27348,Q8N0V3,0
P27708,Q14444,0
P27708,Q9Y285,0
P27824,P70452,0
P27824,Q9UBS4,0
P27986,Q96T76,0
P27986,Q9UN86,0
P28066,Q3ZCM7,0
P28288,P68400,0
P30837,Q92922,0
P30837,Q9UL33,0
P31689,P31749,0
P31749,P31939,0
P31749,Q9H583,0
P31939,Q96P70,0
P31946,P63045,0
P31946,Q9Y3D0,0
P33778,Q6ZNB6,0
P33778,Q9BYW2,0
P33981,Q6PJG2,0
P33981,Q86SZ2,0
P33981,Q9NS69,0
P35232,P62987,0
P35568,Q9Y285,0
P35606,Q92643,0
P35637,Q9NUP9,0
P35908,P62136,0
P35908,Q8N3R9,0
P35998,Q14444,0
P35998,Q2TAC2,0
P35998,Q8TA86,0
P35998,Q96EB6,0
P36542,P78371,0
P36542,Q5T160,0
P36542,Q60932,0
P36873,Q9BSD7,0
P36873,Q9UJS0,0
P37231,Q9NY65,0
P37238,P62820,0
P38435,Q9UBM7,0
P38435,R4GMR5,0
P38606,Q96GF1,0
P38646,P38647,0
P38646,Q96FV9,0
P38647,Q923E4,0
P39656,P63167,0
P39656,Q00325,0
P39656,Q9H078,0
P40937,Q5SRD1,0
P40937,Q9BXW9,0
P40937,Q9UQL6,0
P40939,P49593,0
P40939,Q16531,0
P40939,Q6PJG6,0
P40939,Q7Z6Z7,0
P40939,Q9BYF1,0
P41223,Q99KR7,0
P41223,Q9Y2G8,0
P42677,Q9BTY2,0
P42677,Q9H5Q4,0
P42704,Q14257,0
P42704,Q5QPK2,0
P43487,Q8BH75,0
P43487,Q9Y3D0,0
P43686,Q3TLI0,0
P43686,Q9BRK5,0
P45880,P78371,0
P45880,Q92616,0
P45954,Q14449,0
P46060,Q02978,0
P46060,Q92782,0
P46060,Q9NWB6,0
P46379,Q9H078,0
P46977,Q09161,0
P46977,Q14746,0
P46977,Q8N3I7,0
P48047,Q96GF1,0
P48356,P53618,0
P48382,Q15008,0
P48382,Q9JME7,0
P48382,Q9UQL6,0
P48553,P54652,0
P48643,P68363,0
P48643,Q00535,0
P48643,Q16531,0
P48643,Q8NDQ6,0
P48651,P68363,0
P48651,Q14683,0
P48651,Q9JME7,0
P49454,P63044,0
P49454,Q60700,0
P49454,Q92615,0
P49593,Q96PK6,0
P49721,Q3ZCM7,0
P50402,Q9UN86,0
P50454,Q8NF37,0
P50993,Q5LJA5,0
P50993,Q99707,0
P51570,Q9UPT5,0
P51571,P62873,0
P51571,Q14683,0
P51571,Q5TEC6,0
P51571,Q9ULD9,0
P51617,P60709,0
P51617,Q9BYF1,0
P51648,Q99653,0
P51665,Q13724,0
P51665,Q92615,0
P51665,Q92804,0
P51970,Q13573,0
P52701,Q9CWF6,0
P52701,Q9H1K4,0
P52701,Q9NVI1,0
P52756,Q15907,0
P52756,Q92665,0
P52789,P60709,0
P53396,Q9Y3Y2,0
P53618,Q9Y4R8,0
P53621,Q7L5D6,0
P54652,Q92616,0
P54652,Q96P70,0
P54709,Q96QF0,0
P55042,Q9NTG7,0
P55042,Q9NTJ5,0
P55060,Q9UBS4,0
P55209,Q15014,0
P55209,Q9GZN1,0
P55258,P56962,0
P55258,Q09472,0
P55258,Q13200,0
P55258,Q92621,0
P55258,Q96GD4,0
P55786,Q6P4A7,0
P55786,Q86SZ2,0
P55786,Q92973,0
P56537,R4GMR5,0
P56589,P63104,0
P56589,Q8NFD5,0
P56962,Q60932,0
P60228,P60604,0
P60604,P62491,0
P60604,Q96JJ7,0
P60709,P62820,0
P61006,Q9Y277,0
P61026,Q8WUM0,0
P61163,Q9H307,0
P61962,Q96BR5,0
P61962,Q9H5Q4,0
P61962,Q9ULD9,0
P61962,Q9Y296,0
P61981,Q57UH8,0
P62136,Q92922,0
P62136,Q9UBM7,0
P62136,Q9UNM6,0
P62258,Q16891,0
P62258,Q9BRX2,0
P62333,Q9UBS4,0
P62492,Q5JWF2,0
P62805,Q14739,0
P62805,Q92804,0
P62805,Q9NYA4,0
P62820,Q9BPW8,0
P62873,P63045,0
P62873,Q13409,0
P62987,Q9BRK5,0
P63044,Q9BYF1,0
P63045,Q6PJG6,0
P63098,P82912,0
P63098,Q8C1Z7,0
P63098,Q9BSD7,0
P63167,Q7Z3C6,0
P63244,Q5LJA5,0
P63244,Q9Y296,0
P67870,Q4VC05,0
P67870,Q9CZQ9,0
P68104,Q5JPE7,0
P68104,Q8N9M5,0
P68104,Q92616,0
P68104,Q96GM8,0
P68363,Q9D289,0
P68366,Q09472,0
P68371,Q14746,0
P70452,Q15434,0
P70452,Q6IEG0,0
P78318,Q9NPF5,0
P78371,Q13123,0
P78371,Q9BYJ9,0
P78371,Q9HAF1,0
P78527,Q8NDQ6,0
P82912,Q99707,0
P84090,Q9Y2G8,0
P84243,Q02978,0
P84243,Q96Q05,0
Q00059,Q96PK6,0
Q00325,Q8N3I7,0
Q00325,Q99707,0
Q00325,Q9UBB4,0
Q00535,Q8NI60,0
Q00535,Q9H583,0
Q00577,Q60770,0
Q00577,Q969V3,0
Q02248,Q04206,0
Q02248,Q15392,0
Q02978,Q66K89,0
Q02978,Q9NZ01,0
Q02978,Q9UN37,0
Q04637,Q9JHQ5,0
Q04917,Q9NZ01,0
Q07065,Q9H307,0
Q08209,Q9UBV2,0
Q09472,Q8NFQ8,0
Q09472,Q9UQL6,0
Q12797,Q8IUR0,0
Q12840,Q8TEX9,0
Q13200,Q8IXI1,0
Q13200,Q8ND56,0
Q13200,Q9NY65,0
Q13283,Q9H147,0
Q13509,Q92973,0
Q13509,Q9H7B2,0
Q13573,Q4GYY5,0
Q13573,Q92616,0
Q13724,Q86X95,0
Q13724,Q8NBJ5,0
Q13823,Q5HYI8,0
Q14203,Q9BSD7,0
Q14204,Q96P70,0
Q14204,Q96RK4,0
Q14257,Q68CQ7,0
Q14257,Q8TEX9,0
Q14527,Q9CZQ9,0
Q14568,Q15773,0
Q14568,Q92538,0
Q14568,Q9UNF1,0
Q14643,Q8TAM1,0
Q14643,Q8WVM8,0
Q14643,Q9UH99,0
Q14669,Q5BKY9,0
Q14669,Q9UBM7,0
Q14683,Q6PJG6,0
Q14697,Q14974,0
Q14746,Q96GD4,0
Q14746,Q9UBK2,0
Q14974,Q16891,0
Q14974,Q8WUM0,0
Q15006,Q9H2F5,0
Q15014,Q8NF37,0
Q15154,Q92890,0
Q15293,Q2TAC2,0
Q15434,Q9NSG2,0
Q15907,Q8NFD5,0
Q15907,Q9BXC9,0
Q15942,Q8NFD5,0
Q16891,Q9UPT5,0
Q2KHR2,Q9NQH7,0
Q2TAC2,Q7Z3U7,0
Q2TAC2,Q9UET6,0
Q38DU9,Q96PK6,0
Q3SYG4,Q9R1E0,0
Q3UPR7,Q8IUR0,0
Q3V3N7,Q6PJG6,0
Q4VC05,Q58EX7,0
Q53EU6,Q9HD45,0
Q53G59,Q9UH99,0
Q53GQ0,Q5BKZ1,0
Q58EX7,Q8WUH6,0
Q58EX7,Q9Y4Y9,0
Q5BKY9,Q9UN81,0
Q5C9Z4,Q7Z6Z7,0
Q5C9Z4,Q99570,0
Q5H9R7,Q9Y5V3,0
Q5HYI8,Q8IYB5,0
Q5HYI8,Q8N9E0,0
Q5JPE7,Q66K89,0
Q5JPE7,Q8TEX9,0
Q5SNT2,Q86SZ2,0
Q5SNT2,Q8TEX9,0
Q5SRD1,Q8C1Z7,0
Q5SRE5,Q9UJV9,0
Q5T160,Q93084,0
Q5T160,Q9Y277,0
Q5T3I0,Q9UDY4,0
Q5T3I0,Q9Y3Y2,0
Q5VWC4,Q9P035,0
Q5XKP0,Q96RK4,0
Q5XKP0,Q9UPT5,0
Q60700,Q92922,0
Q60700,Q96PK6,0
Q60770,Q9Y4H2,0
Q60932,Q96PK6,0
Q69YQ0,Q86SZ2,0
Q6DN90,Q9UQL6,0
Q6P4A7,Q6PI48,0
Q6P4A7,Q7Z3U7,0
Q6P4A7,Q8NFD5,0
Q6P4A7,Q96P70,0
Q6PI48,Q9BTY2,0
Q6PJG2,Q96RK4,0
Q6PJG6,Q96CS3,0
Q6PJG6,Q9UN81,0
Q6PJG6,Q9UQL6,0
Q6PJG6,Q9Y2G8,0
Q6YHU6,Q92922,0
Q6YHU6,Q92947,0
Q6YHU6,Q9HDC9,0
Q6ZNB6,R4GMR5,0
Q71RC2,Q96PM9,0
Q7L5D6,Q92538,0
Q7Z3C6,Q9UBF2,0
Q7Z3Y7,Q96CK0,0
Q7Z3Y7,Q9UQL6,0
Q7Z6Z7,Q923E4,0
Q811G0,Q92545,0
Q86SZ2,Q8TBF4,0
Q86SZ2,Q8WVX9,0
Q86UL3,Q8WUH6,0
Q86UL3,Q923E4,0
Q86X95,Q9Y3C7,0
Q8C1Z7,Q99KR7,0
Q8C1Z7,Q9NZ01,0
Q8IUR0,Q923E4,0
Q8IUR0,Q99653,0
Q8IWZ6,Q9BTY2,0
Q8IWZ6,Q9ULD9,0
Q8K2G4,Q9UBX3,0
Q8N0V3,Q96P70,0
Q8N1N4,Q9BPW8,0
Q8N3I7,Q9UBB4,0
Q8N9M5,Q9UBM7,0
Q8ND56,Q9UBS4,0
Q8NDV7,Q9H0E9,0
Q8NDV7,Q9NTG7,0
Q8NF37,Q92615,0
Q8NF37,Q9NTG7,0
Q8NF37,Q9NV56,0
Q8TEM1,Q9Y3C1,0
Q8TEM1,Q9Y4H2,0
Q8TEQ8,Q9UDW3,0
Q8VD72,Q9BXW9,0
Q92545,Q9BTY2,0
Q92545,Q9BWJ5,0
Q92615,Q96CS3,0
Q92621,Q96PM9,0
Q92621,Q9NTJ5,0
Q92782,Q9NV56,0
Q92782,Q9Y4H2,0
Q92890,Q9UBF2,0
Q92900,Q9Y5R8,0
Q92973,Q9H773,0
Q96EB6,Q9Y5V3,0
Q96GD4,Q9UHI6,0
Q96GM8,Q9NUP9,0
Q96GM8,Q9Y5V3,0
Q96JJ7,Q9UBF2,0
Q96L91,Q9H307,0
Q96PM9,Q96RK4,0
Q96Q05,Q9ULX6,0
Q96Q05,Q9Y679,0
Q99570,Q9H2F5,0
Q99707,Q9Y5V3,0
Q99805,Q9H7B2,0
Q99942,Q9R1E0,0
Q99942,Q9Y5A9,0
Q9BPW8,Q9Y3Y2,0
Q9BRK5,Q9H9E1,0
Q9BUF5,Q9H0F7,0
Q9BUJ2,Q9UPQ9,0
Q9BXC9,Q9GZN1,0
Q9BYJ9,Q9H5V9,0
Q9BYW2,Q9NRR5,0
Q9CQA1,Q9UN86,0
Q9CQP2,Q9H5Q4,0
Q9CWF6,Q9H0E9,0
Q9H078,Q9H583,0
Q9H0E9,Q9NRR5,0
Q9H0F7,Q9H583,0
Q9H0F7,Q9HD20,0
Q9H0F7,Q9UN37,0
Q9H0F7,Q9Y4L1,0
Q9H147,Q9UPQ9,0
Q9H1K4,Q9UBB4,0
Q9H307,Q9Y5B9,0
Q9H773,Q9R1E0,0
Q9H7B2,Q9Y4L1,0
Q9HAF1,Q9NQ29,0
Q9NQ29,Q9UPQ9,0
Q9NWB6,Q9UJS0,0
Q9NYU2,Q9P035,0
Q9NYU2,Q9UNF1,0
Q9P035,Q9UBF2,0
Q9UBB4,Q9Y4Y9,0
Q9UBS4,Q9UPQ9,0
Q9UH99,Q9ULD9,0
Q9UHI6,Q9UPQ9,0
Q9Y285,Q9Y5B9,0
