Protein Identifier,Protein Sequence
P09798,
P38717,
P07342,
P15790,
P22035,
P33418,
P14922,
P05453,
P12385,
P19262,
P31688,
P38427,
P53886,
P14724,
P16522,
P38042,
P00937,
Q04199,
Q12495,
P46677,
P13393,
P38995,
P46678,
P02309,
P11978,
P11938,
P06701,
Q07468,
P14747,
P07278,
P25302,
P24869,
P29295,
P38930,
P53378,
P38863,
P53540,
P32380,
P07149,
P33304,
Q04921,
P32524,
Q07350,
P19736,
P43639,
P16649,
P14306,
P36517,
P47093,
Q12186,
P40567,
P40070,
P42073,
P32578,
P22543,
P15646,
P26309,
P18851,
P20433,
P20676,
P13902,
Q01649,
P07270,
P06787,
P39520,
P32605,
P53863,
O13329,
P39723,
P25607,
Q00916,
P42937,
Q03677,
Q01722,
P32361,
P28742,
P35191,
P12689,
P22579,
P21560,
Q02554,
Q99181,
P27705,
P53236,
P25644,
P39081,
P53147,
P38768,
P27351,
P39682,
P32909,
P36084,
P39935,
P38267,
P53971,
P53742,
P11075,
Q03264,
Q12411,
P32522,
Q02260,
Q02775,
P38227,
P34230,
P32468,
P43321,
Q00416,
P31244,
P38699,
P40018,
Q12433,
Q12080,
P32828,
P32606,
P38111,
P12954,
Q00578,
Q03441,
Q04005,
P40020,
Q06199,
P32769,
P32499,
P36048,
P34077,
P12904,
P53952,
P48837,
P38892,
Q08491,
P18900,
P22147,
Q04477,
Q03497,
Q04149,
Q02336,
P32629,
Q12157,
Q03048,
P35197,
P48360,
Q08484,
P53091,
P46985,
P35189,
Q12018,
P25630,
P43592,
P32917,
P06784,
P25344,
P24719,
Q01852,
P06782,
P21182,
P15891,
P17555,
P32599,
P13517,
Q12446,
P07274,
P40450,
Q00246,
P06100,
P50875,
P33200,
P03069,
P04387,
P04386,
P47822,
P32494,
Q05027,
P53040,
P38129,
P38811,
P35177,
P07248,
Q12060,
Q03330,
P13574,
P23642,
Q12440,
P25454,
P32349,
P25441,
P07703,
P20434,
P04051,
P28000,
P16370,
P04050,
P22276,
P39107,
P22138,
P22139,
P29056,
P32523,
Q08920,
Q08683,
Q04601,
Q12107,
P53068,
P32830,
P39010,
P06783,
P08524,
P21264,
P10862,
P38275,
P38972,
Q12343,
P38633,
P04161,
P25649,
P46680,
Q08269,
P40356,
P48232,
P38316,
Q06628,
Q12380,
P38862,
P40344,
Q00776,
P36000,
P25655,
P38696,
Q12233,
P39011,
P40448,
Q12110,
Q06150,
P34730,
P40087,
P26448,
P07260,
P00812,
P07991,
P29703,
P06243,
P52286,
Q05930,
P31111,
P07250,
P43625,
P53740,
P38147,
P38150,
Q04031,
P47074,
P25296,
P33313,
P33308,
P35203,
P32582,
P32459,
P21705,
P53267,
P53550,
P39998,
Q12517,
P19735,
Q03063,
P40013,
Q12248,
Q03466,
Q04739,
P40958,
P38236,
Q02794,
Q03761,
P38122,
P17214,
P35210,
P23202,
P32829,
Q04177,
P51601,
P38196,
P26449,
P47069,
P12383,
Q06549,
P29366,
P47124,
Q99210,
P53038,
P50108,
Q12030,
P32797,
P41697,
Q03697,
P52553,
Q08273,
Q03231,
Q06159,
Q12753,
P16861,
P47042,
P32337,
P39938,
P53230,
P47135,
P38302,
Q04226,
P38987,
P33296,
P38829,
P38299,
P38757,
Q06697,
Q03935,
P38840,
P07271,
P38308,
P13856,
P15807,
Q02629,
P19880,
Q06410,
P38151,
P30624,
P38332,
P40061,
P23301,
P37292,
Q12311,
P43556,
P53050,
P38346,
Q06411,
P38922,
P33419,
P27344,
P53871,
P48362,
P41833,
P25583,
P25585,
P25602,
Q08645,
P25348,
P42944,
P40363,
P25623,
P25300,
Q04431,
P27895,
P46675,
P35729,
P38827,
P43609,
P25632,
P32573,
Q07988,
P25365,
Q03254,
P25651,
Q12306,
P25366,
P25611,
Q06200,
P39996,
Q12352,
P10849,
P00927,
Q12066,
P25087,
Q12402,
Q12154,
P06242,
Q07528,
Q07530,
P25573,
P25579,
P52891,
P40316,
P47027,
Q08110,
P53112,
P53842,
Q07541,
P53919,
P25694,
Q12202,
P25298,
P07272,
P36068,
P40503,
P38068,
Q03759,
P38140,
P38348,
P50946,
Q12156,
P38127,
P26343,
Q01532,
P53918,
P35181,
Q05043,
P36224,
P36108,
P53916,
P38339,
P25558,
P40015,
P32902,
Q06146,
O13576,
P40040,
P40076,
P38783,
Q03818,
Q04951,
Q12334,
P38313,
P38342,
P25349,
Q12429,
Q07967,
P22213,
P32583,
P36150,
P38330,
P35736,
P36093,
P25554,
P38238,
P07246,
Q05777,
P38903,
Q07865,
P47153,
P38146,
P53833,
Q99385,
P40582,
P53928,
P40462,
P25587,
Q12028,
P38180,
P48568,
Q07732,
P13090,
P48606,
P53934,
Q05359,
P40971,
Q99393,
P11412,
Q12250,
Q12136,
P00830,
Q12483,
P47142,
P32895,
Q06523,
Q08966,
P41930,
Q02803,
Q08903,
P39683,
P54867,
Q08231,
P53831,
P54839,
Q06689,
P53983,
P32352,
Q04338,
Q03236,
P46671,
Q04660,
P25297,
Q03433,
Q04228,
P32794,
Q06708,
Q06169,
P39742,
O13550,
P80667,
Q12133,
P54964,
Q07980,
Q07915,
Q07879,
Q07829,
P36133,
P36053,
P14063,
P28707,
P36074,
P36082,
P26783,
P47106,
P46965,
P40577,
P40563,
P40493,
P38894,
P89114,
P29055,
P38784,
P38777,
P23968,
P17076,
P38740,
P40326,
P53324,
P32318,
P35180,
P53227,
P53080,
P53085,
P53089,
P45818,
P27697,
P53179,
P39940,
P39969,
P40024,
P52871,
P39977,
P87282,
P39968,
Q03375,
Q04087,
Q04083,
Q06651,
P07170,
Q03976,
Q12426,
P0C2H8,
P37263,
P25637,
P38358,
P38347,
P38326,
P36531,
P38079,
P38176,
P38191,
P39707,
P25619,
Q12124,
P13587,
P39710,
P39731,
P24814,
P47129,
Q06644,
P53288,
P47035,
P46991,
P47083,
Q12444,
P46961,
P39517,
P53297,
Q12055,
P32831,
P11076,
Q12063,
P40045,
Q07622,
Q06417,
Q12310,
P38169,
P53039,
P12688,
Q07660,
Q12509,
P22209,
Q06541,
P32796,
P39523,
P27515,
P25301,
P28006,
Q12185,
P38061,
Q12457,
Q12021,
P22336,
P34215,
P38125,
Q07418,
Q12300,
P40041,
P43623,
P53128,
P53079,
P53265,
P53301,
Q04934,
P38074,
P46983,
P25293,
P50087,
P50945,
P36147,
Q04935,
P38921,
P32331,
P43617,
P32332,
Q12289,
P36163,
P53320,
Q12171,
P28627,
Q12039,
P38323,
O74700,
P87108,
P10355,
Q12016,
Q12142,
P39006,
P32454,
Q06630,
Q12208,
P48567,
P36146,
P05066,
P34111,
P40051,
P26793,
P42945,
P38114,
P27692,
P17106,
Q04408,
Q04675,
P16658,
Q02825,
P31378,
P36060,
P32333,
Q02486,
P38077,
P21306,
P81449,
Q06405,
Q12349,
Q12165,
P30902,
P09457,
P05626,
P01097,
P32463,
P32445,
P25605,
P28239,
P32453,
P14908,
Q03702,
P32611,
P06168,
P30775,
P21954,
Q00539,
P22136,
P39522,
P03874,
Q01217,
Q02773,
P13433,
P49334,
P53507,
P33448,
P28737,
Q92328,
Q07807,
P23644,
P04840,
Q04458,
P38756,
P47031,
P39722,
P14693,
P40008,
P39102,
P38325,
P38825,
P36130,
P16547,
P38297,
P40515,
P47025,
P54861,
P53083,
P18409,
P52923,
P39103,
P20107,
P21592,
P81450,
P50088,
P38958,
Q05867,
Q08023,
P61829,
Q06485,
P40098,
Q06011,
Q03218,
P40341,
Q06681,
P40097,
P48813,
Q03673,
Q03798,
P53171,
Q12374,
P40364,
P53721,
Q03713,
Q12029,
P38793,
P20967,
P38910,
Q12425,
P38523,
P00447,
Q07821,
P40513,
Q12320,
P00431,
P32473,
P16451,
P16387,
P18544,
P10507,
P07236,
P11914,
P25345,
P09624,
P48525,
P32048,
P38714,
P15179,
P08468,
P48526,
P32787,
P47065,
Q07540,
P38891,
P32580,
P39112,
P36013,
P38705,
P12695,
P42940,
P35999,
P47158,
P40530,
P07266,
P08425,
P15424,
P40047,
P38345,
P04803,
Q01802,
P48527,
Q06892,
Q02784,
P08417,
P28241,
P19882,
P53193,
Q12031,
P40185,
Q05931,
P46681,
Q03020,
Q12184,
P26364,
P36775,
Q08230,
Q12480,
P00045,
Q12287,
Q01519,
P38162,
P50861,
P25646,
Q04341,
Q03667,
P40215,
Q12511,
P32898,
Q02772,
P00175,
P19516,
P07143,
P46972,
P16622,
P21801,
P35200,
P80235,
P39515,
P37298,
P33421,
P00410,
P00854,
P38152,
Q03028,
P40464,
P23641,
P10566,
P18239,
P33303,
Q00873,
P07255,
P04039,
P08525,
P00128,
P00427,
P00424,
P04037,
P18496,
P08466,
P38341,
P37267,
P40452,
P38969,
Q04472,
P43634,
O13518,
Q03012,
P53100,
Q03195,
P38616,
P25555,
P15565,
Q03913,
P13663,
Q08749,
P49686,
Q03455,
P47072,
P37304,
Q12420,
P50943,
P52917,
P32581,
P32495,
Q03262,
P0C0T4,
P14020,
Q02866,
Q02895,
P53907,
P40509,
P40026,
Q12072,
P21374,
Q04418,
P39543,
P32893,
P87274,
P17121,
Q06338,
P38149,
P32462,
Q12134,
Q99332,
Q06178,
O13569,
P38954,
Q05933,
Q05635,
Q06675,
Q04053,
Q03305,
P39997,
P32569,
Q12297,
Q04867,
P39706,
P40054,
P40460,
P40091,
P32464,
Q08278,
P53093,
P39952,
P25042,
P21190,
P32264,
Q06648,
Q01329,
P32776,
P53220,
P14742,
Q08601,
Q12091,
Q12147,
Q07355,
Q07362,
Q07521,
P87271,
P43578,
P43622,
P38843,
P17123,
P40461,
P38986,
P32609,
P28795,
Q06683,
Q05515,
Q06325,
Q12118,
P50273,
P42223,
P53158,
Q06333,
P25045,
Q06349,
P40335,
Q06385,
Q06389,
Q08906,
P32324,
Q02872,
P47134,
P47147,
Q04062,
Q02875,
Q04069,
P53924,
Q03338,
P20053,
Q03370,
P39904,
P53313,
P40463,
P33420,
Q12230,
Q04399,
P38439,
P53885,
P40003,
P53263,
P39995,
P39994,
P32628,
P47003,
P39931,
Q12125,
Q00772,
P32613,
P53237,
P04817,
P39981,
P50277,
Q05948,
P39937,
P35193,
P36521,
P38962,
P38231,
P38304,
P32571,
P28263,
Q01163,
P53254,
P30822,
P53311,
P38752,
P38782,
P47010,
P35735,
P35725,
P34078,
P32901,
O13555,
P11746,
P38993,
P35202,
P39013,
P53895,
P53869,
P53829,
P39008,
P25040,
Q08241,
Q08486,
P02992,
Q01926,
Q08911,
Q02889,
P32481,
P08456,
P42939,
Q04396,
P10869,
P40574,
P38429,
P40038,
P40093,
Q08915,
P39525,
Q07478,
Q06493,
P32791,
P38241,
P25568,
P49018,
P87287,
Q04659,
Q08974,
P23337,
P40481,
P49704,
P31376,
P08431,
P38244,
P38292,
P32449,
P43124,
P32771,
P41910,
Q05580,
Q06640,
P02557,
P53137,
P12686,
P42942,
P47146,
Q08561,
Q08651,
Q08728,
P21242,
P32842,
Q12262,
P08593,
P40055,
Q12211,
P40056,
P24482,
P38750,
P40073,
P38682,
P40077,
P46669,
P40079,
P40080,
P38990,
Q07376,
P39944,
Q12013,
P36096,
P42947,
P46993,
Q02864,
P32566,
P32343,
P14741,
P47128,
P38726,
P21375,
P43574,
P53294,
P43573,
P36046,
P40508,
P43567,
Q04081,
O94086,
P43551,
P40368,
P43594,
Q12513,
P53271,
P87270,
P35727,
Q12365,
P53856,
P33755,
Q04429,
Q06340,
P53108,
P38624,
P53069,
Q06568,
P39979,
P16523,
P54070,
P40035,
Q04430,
P40956,
O13567,
P40522,
P43570,
Q08004,
P40532,
P17898,
P06197,
P32476,
Q03778,
Q12372,
P53860,
P40471,
P38604,
P38356,
Q03941,
P40075,
P41834,
P40350,
P32906,
P33767,
P41543,
P53541,
P06105,
Q12452,
Q12144,
Q12164,
P14906,
Q04746,
P12683,
Q08548,
Q08650,
P46964,
Q02774,
P18414,
P21825,
P16151,
P07286,
P32915,
P38353,
P40351,
P39012,
P53629,
P39007,
P38374,
Q03944,
Q04697,
P16661,
P53878,
P32363,
Q05787,
P53906,
Q12431,
P05375,
P36039,
P38992,
P32353,
P41733,
P38179,
P40533,
P21147,
P53253,
Q07830,
P36057,
P20048,
Q03691,
P40030,
P53045,
P33775,
P18410,
Q03530,
P47154,
P25580,
P40548,
P32341,
P38307,
P53008,
P33891,
P33754,
P35206,
Q99325,
Q08001,
P43560,
P39986,
P40085,
P38878,
P40345,
Q12205,
P38755,
Q03714,
P40857,
P29704,
P43614,
P38211,
P48559,
Q07904,
P40544,
P39719,
P53121,
P38837,
Q04629,
Q12745,
Q03579,
P38242,
P39734,
P43636,
P25574,
Q08215,
P35179,
Q12160,
P38428,
P40540,
Q12155,
P53956,
P25338,
Q04969,
P53073,
Q07451,
Q12346,
P53224,
Q04947,
Q06107,
Q12443,
P53730,
P53735,
P53394,
P43571,
P25371,
P35723,
P25358,
P15367,
P53896,
P25625,
Q03880,
Q04958,
P38272,
P32916,
P53146,
P47026,
Q08955,
P41912,
P48415,
P53199,
Q12232,
P38842,
P38206,
Q03103,
P40318,
P38875,
P32339,
P32368,
P53223,
P53847,
Q12284,
Q12520,
P53954,
P53337,
Q08227,
Q99190,
Q08109,
Q3E790,
P40557,
Q06551,
P47013,
P40367,
P28496,
P28791,
P16603,
Q12006,
Q99287,
P38286,
P41800,
P38819,
P39704,
P27825,
Q92316,
P40526,
Q02795,
Q03723,
P48439,
P53868,
P30777,
P31382,
P46971,
P35176,
Q08199,
P36016,
P22023,
P38888,
Q12404,
P17967,
P25303,
P16474,
P38138,
Q12025,
P47133,
P38349,
P38694,
Q08960,
Q04924,
P53178,
P21957,
P40004,
Q99316,
Q04491,
P38968,
Q08444,
P32567,
Q04311,
P40970,
Q05040,
Q04201,
Q06677,
P38688,
Q12746,
P41821,
P36018,
P22214,
Q03630,
P38334,
P36149,
Q03784,
Q99394,
Q03337,
P43555,
P40107,
P22804,
P25385,
P36125,
P11655,
P25641,
P54837,
P36051,
Q12382,
P53173,
P39727,
Q04651,
P53192,
Q02896,
P41806,
P38221,
P31755,
Q06096,
P53845,
P32803,
P17695,
Q02969,
Q04018,
P40023,
P48235,
Q08471,
Q04433,
P38886,
P04801,
P40034,
P40025,
P43598,
P39958,
P35691,
P47172,
P38081,
Q12307,
P25299,
Q08237,
Q01684,
P25359,
P31381,
P40553,
P37261,
P40896,
P53287,
P50091,
P38820,
Q12140,
P38822,
P47150,
Q02770,
Q02457,
P53286,
P46949,
P19955,
Q08417,
P32496,
P53195,
P53188,
P05373,
P27999,
Q08842,
P38880,
Q12172,
Q07684,
P50113,
P22855,
Q12292,
P46963,
P06843,
P53754,
P20134,
Q08786,
Q02608,
Q12498,
P40188,
P06774,
P46655,
P53053,
Q05899,
P53207,
Q12098,
P53222,
P53226,
Q12058,
P53044,
P53233,
Q12274,
P39534,
P53244,
P47038,
P40260,
P53317,
P32618,
P45819,
P14904,
P38615,
P53043,
P53122,
P35192,
Q06631,
P48236,
P27476,
Q02804,
P53292,
P40917,
Q12034,
P38828,
P32379,
P53303,
P40106,
P53116,
Q06673,
Q08550,
P34758,
Q02786,
Q12395,
P38262,
Q08912,
P53310,
P39970,
P53316,
Q05080,
Q12225,
P00924,
P40325,
P53327,
P53331,
Q03177,
P53336,
P32527,
P38753,
P38751,
P47028,
P38795,
P13434,
P38700,
P23180,
Q99188,
P32179,
P38734,
P38758,
P53141,
Q06139,
P49687,
P38772,
Q01574,
P34162,
P00560,
Q06704,
Q08490,
P38775,
P36165,
P38781,
P38787,
Q07811,
P38810,
Q12328,
P11433,
Q12135,
P40052,
P22517,
Q07623,
Q02793,
P06104,
Q12379,
P53070,
P36131,
P53834,
P53048,
P53285,
P53246,
P05743,
P38773,
P36077,
Q07442,
Q08144,
P40554,
P06775,
P40218,
P53247,
P53937,
P53249,
P22204,
P48361,
P42938,
P05318,
Q02724,
P17423,
Q04048,
P04397,
P38692,
Q02732,
P40164,
P39563,
P38252,
P38264,
P38265,
P53979,
P23900,
P38291,
Q07648,
Q12421,
Q05503,
P40068,
P32645,
P43577,
P46986,
P0C0W1,
Q06148,
P32588,
P53135,
P50896,
P32505,
P28007,
P36102,
P34217,
P38126,
P38913,
P32626,
P39961,
P43604,
P40542,
P40537,
Q06158,
Q06168,
P53728,
P39711,
P43563,
P47059,
P37296,
P53877,
P33334,
Q12243,
P38041,
P40361,
P08536,
P38318,
P14120,
P38301,
Q01590,
P38817,
P32319,
Q06815,
P13134,
Q12071,
Q05919,
P47061,
P22219,
Q03322,
P38745,
Q08754,
P40955,
Q12114,
P36116,
P39524,
Q07878,
P39702,
P36107,
Q08280,
P46982,
Q04183,
P26725,
P24280,
P41544,
Q12067,
P13586,
Q12096,
P40549,
P39106,
P37020,
P38555,
P32621,
P43682,
P38069,
P38736,
P36029,
Q12270,
P53633,
Q12239,
P40071,
Q06346,
Q03921,
Q03860,
Q04767,
P36164,
P34237,
P35844,
P47818,
P40395,
P40094,
Q03554,
P38166,
P53037,
P53951,
Q04632,
P53959,
Q03660,
P47064,
P53314,
P47166,
P39526,
P16664,
P46682,
Q08951,
P38153,
P40009,
P40527,
P31109,
P32913,
P38182,
P20606,
P15303,
P46989,
Q12191,
Q04410,
P53622,
P32074,
P35845,
Q92331,
P25386,
P40482,
P22803,
P40529,
P38814,
P47160,
P22211,
P41810,
P53600,
P43621,
P41811,
P38873,
P41318,
Q08921,
Q12246,
P32600,
P17065,
P53264,
P40465,
P47050,
P40366,
P32478,
P39005,
P34240,
P36127,
Q12442,
Q08448,
Q12017,
P33300,
P18562,
P28625,
P53870,
P40090,
P04819,
P38884,
P38698,
P40555,
Q12460,
P40308,
P31377,
P38256,
P38293,
P32844,
P25584,
P40516,
P40497,
P53736,
P32461,
P40486,
P40483,
P22148,
P38804,
P40451,
P00724,
P40442,
P40572,
P53894,
P40573,
P34167,
P38998,
P47077,
P47054,
Q03790,
P38741,
P38168,
P11986,
P34087,
Q04067,
Q04398,
P40360,
P40359,
P47036,
P39677,
Q08904,
P46984,
P39516,
P35995,
P06700,
P54786,
P38764,
P33299,
P19812,
P27636,
P38274,
P25389,
P25342,
P32458,
P52919,
P53755,
P47086,
P21651,
P47101,
P46973,
P39725,
P32529,
P38258,
P38300,
Q12175,
O13532,
O13587,
Q00684,
P21691,
P32639,
P24384,
P33203,
Q03654,
Q12309,
P53104,
P53867,
P38261,
P53549,
Q02516,
P24583,
P51862,
Q00245,
P38232,
P32263,
P53231,
P36121,
P53616,
P17536,
Q12216,
P21339,
P41698,
Q06604,
Q12405,
P22224,
P38785,
P50111,
P41901,
P08964,
Q06835,
P21951,
P15938,
P07834,
P53305,
P36528,
P09938,
Q06624,
P20840,
P47082,
P41832,
P38354,
Q12415,
P32837,
P40484,
P40454,
P47015,
Q03653,
P14680,
P47085,
P53277,
P53968,
P53032,
P36421,
P32873,
P38834,
P24867,
P04147,
Q02821,
P25604,
P17157,
P46948,
P39743,
P32793,
P32790,
P39926,
P14164,
Q03290,
P48581,
P18494,
P34218,
P36006,
Q02100,
P53150,
P28519,
P38794,
P38283,
P32479,
P32591,
P32480,
P22082,
P32897,
P38251,
P32641,
P40541,
P32602,
Q06632,
P42841,
P45976,
P46673,
Q02630,
Q02892,
P02994,
Q02199,
P36161,
P52918,
P31539,
P32367,
Q99383,
P32767,
P39705,
Q06142,
P47017,
Q04175,
P29340,
P32800,
P27796,
P13711,
P40155,
P41909,
Q04370,
Q05568,
Q03824,
Q03694,
Q12462,
Q06497,
P39718,
P38137,
P53248,
Q12524,
Q05871,
P41903,
P39108,
P35056,
P38855,
P23542,
P24004,
P36168,
P33760,
P53184,
Q99189,
P40069,
Q06245,
P27614,
P52490,
P32849,
P32457,
P57743,
P49960,
P02829,
Q01454,
P40987,
P34110,
P47821,
P32855,
P13382,
P38759,
Q12158,
Q04002,
P38181,
P21827,
Q12499,
P47103,
P25582,
P38228,
P10363,
Q04636,
P40202,
P38132,
P29496,
P00549,
P21965,
P32562,
P22216,
P07261,
Q06639,
P49956,
P40339,
P25559,
P40348,
P38877,
P32381,
P33204,
P40518,
P07276,
P40512,
P38249,
P19524,
Q06032,
P34252,
P35207,
P20449,
Q12241,
P53168,
P31384,
P10964,
P47045,
P40357,
Q04359,
P52488,
Q07688,
P39928,
Q12038,
P38929,
Q12255,
Q04839,
P38806,
Q08649,
P43572,
P80428,
Q12432,
P04786,
Q02208,
P36015,
P34244,
P23293,
P32259,
Q9URQ3,
P46957,
P40564,
Q03690,
P40032,
P53185,
Q00618,
P32912,
P53632,
P38989,
Q07921,
P41814,
P37838,
P33338,
Q03280,
P46954,
P43569,
P38931,
P39073,
P25046,
P43601,
P14736,
P47171,
P43565,
Q12224,
Q12514,
P39685,
P50623,
P40969,
P32585,
Q05775,
P38431,
P32911,
P38082,
Q03125,
P17442,
P38956,
P53243,
Q08723,
P23638,
P30656,
Q03465,
P34909,
P50090,
P06102,
P32504,
P39113,
P20052,
P38217,
Q03373,
P42846,
P38165,
P47068,
P53901,
P39955,
P40095,
Q12151,
P17629,
P53552,
O13539,
P31374,
P11710,
P40494,
P36037,
P13186,
P50942,
P37370,
P53933,
Q06625,
P47115,
P53939,
Q04835,
P53733,
P53947,
P38185,
P33400,
P15274,
P40036,
P27637,
P53281,
Q03973,
P48524,
P40453,
Q12168,
P43588,
P12753,
P40963,
Q99314,
P32447,
P32521,
P33339,
P53280,
Q99260,
P38080,
P40469,
P09232,
Q12377,
Q06103,
P38328,
P38011,
P40523,
P40340,
Q12449,
P38708,
P40159,
Q12466,
P31373,
Q08235,
P53914,
P21304,
Q08096,
Q12522,
P33202,
P09547,
P07283,
P53731,
P32497,
P35182,
P48234,
P40988,
P47113,
Q12734,
Q07457,
Q02796,
Q06538,
P53974,
P07244,
Q08446,
P04821,
Q04225,
P38257,
P14359,
Q04003,
P08566,
Q12527,
P18759,
Q04373,
P12962,
P38788,
P32908,
P47037,
Q00764,
Q08496,
P53861,
Q12754,
Q02908,
P46947,
P02293,
P38203,
P47019,
P53323,
Q03835,
P50094,
P47122,
P36132,
P40413,
Q05785,
P20424,
P33322,
P25294,
P40468,
P32366,
P15705,
Q07657,
P05694,
P10127,
Q12398,
P07806,
P17255,
P39077,
P36041,
P53883,
P38352,
Q06479,
P39076,
Q05979,
Q06218,
Q08902,
P53197,
P54072,
P09880,
Q04599,
P40010,
P53261,
P09436,
P51534,
Q08968,
P07256,
P41735,
Q07896,
Q05949,
P30283,
P20486,
P36010,
P39676,
P33892,
P46956,
Q01560,
Q03957,
Q08965,
Q12389,
P24279,
Q08962,
P53011,
P38789,
P38164,
P38779,
P32601,
Q03862,
P39009,
P38075,
P22203,
P36049,
Q12159,
P43583,
P38201,
P46672,
P38333,
P43586,
Q08208,
P06738,
Q05016,
P32801,
P40078,
P38194,
P47120,
P12612,
Q00362,
P31383,
P08678,
P30606,
Q12024,
P39984,
P36139,
P22515,
P32485,
P09032,
Q03532,
Q07963,
P39744,
P23776,
Q06205,
P40991,
P53191,
P53927,
P22696,
P40050,
P36160,
P21268,
P53599,
P39521,
P41813,
P33441,
P53851,
Q05791,
P32502,
P15703,
P40850,
P33333,
P23561,
P00931,
P32610,
P33329,
P08539,
P10823,
P39954,
P53944,
Q12092,
Q06822,
P40856,
Q07381,
P53136,
P36123,
P07284,
Q12032,
P32528,
P46943,
P32836,
P38130,
Q12447,
P41819,
Q07395,
Q04233,
P38691,
P08004,
P42935,
P40693,
P40160,
Q12019,
P50101,
P09064,
Q07844,
P32657,
Q06580,
Q04693,
Q06679,
P25367,
P40565,
P25374,
Q02931,
P39985,
P12754,
P53962,
P46970,
P15625,
Q03162,
P15442,
P40007,
P24276,
Q02574,
P22134,
Q02647,
P15873,
P40048,
P25635,
P53133,
P21243,
P34221,
P20457,
Q04377,
P42838,
P38013,
P10962,
Q08387,
P53117,
Q12277,
P20484,
P40347,
P39730,
P53119,
Q07527,
P22133,
P06839,
P23748,
P38920,
Q99312,
P07257,
Q12044,
P53152,
P38590,
P25336,
P13712,
P35178,
P53319,
P53855,
P36120,
P40354,
P38713,
P40960,
Q12236,
P23595,
P38796,
P53130,
Q05911,
P08018,
Q12163,
P39079,
Q03407,
P22141,
P40303,
Q05778,
Q05946,
P38009,
P40825,
P38115,
P38707,
P14065,
P15180,
Q07551,
Q12263,
P53879,
P40485,
P25451,
Q06170,
P40422,
P38797,
P38885,
P34227,
P36040,
Q04013,
Q12417,
P40562,
P38861,
P40217,
P29952,
P16120,
P22470,
P40208,
P06777,
P06838,
P40352,
P37366,
P53598,
P26755,
Q12749,
P28272,
Q12265,
P35718,
P20435,
P11745,
P32316,
P26637,
P05317,
P53064,
P25343,
P53169,
P40495,
P38737,
P31116,
P16639,
Q06337,
Q03648,
P25333,
P36047,
P53278,
P13259,
Q06543,
Q12199,
P22768,
P06779,
P53163,
Q06506,
Q08236,
P50105,
P18963,
Q06490,
P34216,
Q12223,
P06778,
P33401,
P01120,
P38959,
P40327,
P26754,
Q03897,
P38629,
Q12050,
P38630,
P32863,
P38953,
P38174,
P32945,
Q04049,
Q06440,
P21538,
P37302,
P33331,
P39990,
P32432,
P32864,
P25357,
Q06078,
Q03899,
P41808,
Q06315,
P17883,
Q04964,
P12945,
Q04279,
Q08732,
P08458,
P33750,
P08153,
P39518,
Q03782,
P38088,
P20459,
P32944,
P50104,
P18412,
P28274,
P32471,
P53242,
Q12083,
P05986,
Q12338,
Q12272,
P47047,
P48510,
P54860,
P40561,
P21734,
P34160,
P39715,
P40534,
P43132,
Q12505,
Q01389,
O13534,
Q12059,
Q02205,
P46676,
P23624,
P41338,
P32939,
P31412,
P33301,
P25569,
Q03864,
P50086,
P38882,
P28495,
P28320,
Q04437,
Q03010,
Q08923,
P03962,
P12611,
Q12040,
P38083,
P38197,
P38319,
P38263,
P40547,
P53076,
Q12100,
Q05022,
P35194,
Q04922,
Q05583,
Q06668,
Q05498,
Q06344,
P25652,
P87263,
P43597,
O13563,
P00815,
P50079,
P53196,
P40016,
Q12464,
P53156,
P53082,
Q06511,
P32843,
Q99271,
P38883,
P40507,
P40362,
P34247,
Q04500,
P28273,
P00445,
P36009,
P32807,
P48237,
Q99216,
P54885,
P40517,
P47005,
Q12508,
Q12206,
Q12523,
P38748,
P46951,
P38123,
P47108,
P43550,
P40028,
P43587,
P19658,
P32597,
Q99247,
P89105,
Q01159,
P53326,
Q12329,
P38712,
P32386,
Q06001,
Q06152,
Q12267,
Q12347,
Q06287,
P40019,
Q04549,
Q12220,
Q06164,
Q06436,
Q03533,
P53846,
P42843,
Q12161,
P32350,
P39960,
Q12152,
P40959,
P40480,
P23292,
Q04893,
P41913,
P15315,
P32805,
P47011,
P05085,
P38224,
Q00582,
P38872,
P39533,
Q06406,
P48240,
P0C0X0,
Q06217,
P53905,
Q02197,
Q06667,
P53769,
P38853,
P34234,
P25502,
P23059,
P32570,
P38277,
P39014,
Q02659,
P35719,
P53081,
P35190,
P19541,
Q08831,
P32500,
P40060,
P39946,
P25693,
Q06324,
P15380,
O13543,
Q05024,
Q12251,
P32385,
P40992,
P40302,
P21372,
Q99401,
P38729,
Q03954,
Q03981,
P53437,
P38838,
P38266,
P46946,
Q07589,
Q12330,
P11353,
P33307,
P00127,
P35817,
P43545,
Q00723,
P33757,
P23179,
Q12020,
P06106,
P35497,
P41835,
P38749,
P53215,
P38871,
P37297,
Q08229,
P33327,
Q12181,
P40151,
P36145,
Q99395,
Q99344,
P39001,
Q08743,
P22149,
P39551,
Q03323,
Q06696,
Q03768,
P38067,
P38278,
P38324,
P47976,
P43619,
P38767,
Q07438,
Q04004,
Q03435,
P38771,
P53835,
P25586,
P14682,
P52920,
P34253,
P32564,
P38816,
Q12174,
P38305,
Q08492,
Q12516,
P36087,
Q08887,
Q12468,
Q03406,
Q99288,
P40892,
Q05518,
Q12298,
P89886,
Q04179,
P53189,
P53087,
P53074,
P53210,
P53238,
P53717,
P38957,
P38744,
P38763,
P47095,
P47168,
Q12358,
Q12525,
Q12253,
P38815,
P40552,
P38331,
P16521,
P38065,
Q12531,
P32783,
P04046,
P38270,
Q02948,
P09440,
P32608,
P06103,
P47117,
P35172,
P39104,
P25382,
P38803,
Q07508,
Q03735,
P33399,
P34223,
P53145,
P33201,
P28004,
Q06091,
P25337,
P52868,
P39927,
Q12102,
Q06224,
P22137,
P38144,
Q03213,
P38634,
Q02606,
P07347,
Q06554,
Q07930,
Q04305,
P06786,
P53063,
Q12123,
P36076,
P36142,
P38902,
P47079,
P32558,
P49955,
P38112,
P53859,
Q08685,
P46962,
P47170,
Q08963,
Q08162,
P38801,
P38859,
Q04603,
Q04217,
P32899,
Q99207,
P38792,
P53930,
P40961,
P35728,
P53923,
P33332,
P25575,
P38310,
P38285,
Q03018,
P20448,
Q06629,
Q06005,
Q12341,
P53973,
P43590,
P47167,
Q12493,
Q12748,
P53843,
Q02206,
Q07979,
Q08119,
Q02354,
Q06512,
Q12004,
P39993,
P30771,
Q06819,
P40089,
Q08285,
P32190,
P43596,
Q12149,
P33297,
P07866,
P53256,
Q02884,
P53290,
P25616,
Q12487,
P30619,
Q06090,
P31334,
P33759,
Q03834,
P14907,
P22353,
P32387,
P36523,
P53900,
P48363,
P29468,
P27801,
Q03308,
P20795,
P38121,
P38208,
P30657,
P34241,
Q12680,
P29469,
P25648,
P14540,
Q12321,
P19263,
P10662,
Q02950,
P21771,
P38120,
P27929,
P36520,
P38064,
P42847,
P25626,
P25642,
P12687,
P36525,
P36527,
Q06678,
P36533,
P19956,
P22354,
P36519,
Q06321,
P36516,
P53875,
P51998,
P32388,
Q02204,
P23369,
P38219,
O14464,
Q03201,
P28817,
Q08622,
Q06623,
P36126,
Q05900,
P38205,
P53125,
P11633,
P38344,
P38805,
P25808,
Q12176,
Q12276,
P32892,
P40477,
Q03799,
P23724,
P02400,
P53114,
P36056,
P40496,
P47141,
P13099,
Q12510,
P32357,
P54784,
P41812,
P32377,
Q03096,
P23639,
P40066,
Q06266,
Q12046,
P40968,
P53333,
P23201,
P53251,
P53538,
P32904,
Q06213,
P20436,
P41895,
P41896,
P32910,
P17890,
Q06102,
P53941,
P53276,
P53743,
Q04869,
Q06665,
P48743,
P43535,
P08518,
Q02792,
P32832,
P36148,
Q04740,
Q99278,
P35996,
Q07532,
P38089,
P38996,
Q04307,
P11747,
Q05636,
P18480,
P25567,
P09119,
Q00402,
Q12451,
P12709,
P53096,
P50947,
P38255,
Q04779,
P54999,
P18888,
Q03776,
P32501,
P38282,
P23615,
P38915,
P19659,
P32342,
P38687,
P32589,
P36036,
P38250,
P53617,
Q05021,
P29478,
P24783,
Q07458,
Q00816,
Q02455,
Q12348,
P47130,
P53165,
P38199,
Q03246,
P00942,
P49957,
P16140,
P00958,
P29547,
P10080,
P53966,
P38288,
P32288,
P46944,
P23255,
P38237,
P52892,
P47139,
P36152,
P43593,
P39111,
P39735,
P48836,
P41807,
P12868,
P38932,
P38110,
P28003,
P39015,
P38193,
P38321,
Q05942,
P25368,
P36144,
P53260,
P40084,
Q10740,
P53917,
P53127,
Q08553,
Q08647,
P38999,
P36100,
P51979,
P53738,
P40059,
P53049,
Q04372,
Q07471,
P42842,
Q12463,
P38337,
P36124,
P11972,
P38351,
P38889,
Q04868,
Q06409,
P36104,
P38874,
Q06706,
P36162,
Q04195,
P53750,
P33306,
P10863,
Q03898,
O14467,
P32905,
Q06676,
P40103,
P21524,
P06773,
P0C0W9,
Q03956,
P47104,
P41921,
P15992,
P40473,
Q04461,
P38198,
P53890,
Q08465,
P43605,
Q04264,
Q08214,
P07560,
P53159,
P38637,
Q99257,
P04456,
P26798,
P32607,
P33122,
P89102,
Q04411,
P12887,
P38766,
P57744,
P53299,
P35187,
P32833,
Q02776,
P53259,
P32565,
Q02555,
P00729,
Q08886,
P39717,
P36094,
P38072,
Q6Q547,
Q00381,
P38991,
Q99186,
Q12368,
P37303,
P07390,
P00420,
Q12390,
P40005,
Q12033,
P06101,
P38760,
Q06208,
P41817,
Q12009,
P43602,
Q02805,
Q08204,
P41546,
Q04493,
Q07913,
P25043,
P32364,
P53298,
P38273,
P53129,
Q08245,
P33323,
P38798,
P53551,
Q04749,
P53202,
P20437,
Q03071,
Q02979,
P32334,
P26188,
P03871,
P43564,
P53335,
P53958,
P06633,
P40550,
P38890,
P47023,
P47057,
Q99219,
Q04674,
Q6B0Y7,
Q08817,
Q12344,
P39992,
P53897,
Q12424,
P25613,
P25639,
P32266,
P53744,
P38988,
P29465,
P31379,
Q12445,
P05374,
P40169,
Q03655,
P38355,
P25340,
P25354,
Q08929,
P25621,
P25360,
P25346,
P38254,
P49573,
P38909,
Q04602,
P10614,
Q12359,
P39542,
Q06686,
P42836,
Q04121,
P40088,
P53306,
P87284,
Q08234,
P43562,
P53322,
Q08271,
Q12412,
P17064,
P14772,
P53181,
Q04562,
P53214,
Q07798,
P50080,
P38724,
P38776,
Q05521,
P53388,
P40501,
P38090,
P38799,
P38695,
P36032,
P47159,
P22215,
P42946,
Q06135,
P38881,
P40475,
P12685,
P47075,
P47040,
P36062,
P40445,
P36034,
Q07824,
P53932,
P32378,
Q12675,
P38778,
Q12177,
P48560,
Q04301,
Q06451,
P50944,
P32584,
P53584,
P42839,
P42834,
P27514,
P53389,
P53746,
Q08193,
P38131,
P40528,
P53062,
P43549,
Q12482,
Q12042,
P53134,
Q06593,
P33335,
Q06598,
P39016,
P25339,
O94742,
Q06163,
P53270,
P25384,
P40206,
Q12187,
Q12331,
P39000,
P40858,
P25600,
Q12345,
P47181,
Q05934,
O13547,
P32344,
O13512,
P43554,
P53628,
Q05123,
P25377,
P47076,
Q12386,
P30665,
Q06682,
P14284,
P25588,
P12866,
P40416,
Q6WNK7,
Q12692,
P53201,
Q05471,
P06704,
Q03388,
Q06707,
P36095,
P53853,
P39110,
P38852,
P25491,
P53849,
Q01919,
P25044,
P40072,
P04173,
P17709,
Q03306,
P05150,
P04385,
Q04748,
Q04638,
P25379,
P53949,
P41940,
P19358,
P53739,
P32861,
P53090,
P07251,
P00358,
P39692,
P41695,
P34760,
P42943,
P07259,
P36075,
P28708,
P38247,
P36118,
Q07887,
Q06137,
P35734,
Q02196,
P53729,
Q12285,
P53935,
P53892,
Q08931,
Q07834,
Q04368,
Q12052,
P39923,
P53887,
P41920,
P32854,
Q12084,
P39929,
Q12318,
Q12138,
P50106,
Q04110,
P40092,
Q92317,
P53269,
P38742,
P36129,
P32914,
P42941,
P38821,
P38204,
P25591,
O13530,
Q05874,
Q04231,
Q07986,
Q12035,
P49166,
O13553,
P42884,
P46995,
Q06525,
P06844,
P38276,
P43607,
P40539,
O13565,
Q08977,
P32325,
Q06160,
P20050,
P38229,
P09959,
P32389,
P48582,
P11927,
P54790,
P38826,
P53830,
Q08949,
P13365,
P32774,
Q12315,
P29461,
P10961,
P04807,
P32634,
P39078,
P39729,
P22943,
P32806,
P32490,
P25846,
P25615,
P32327,
P30620,
P15019,
P38623,
P14291,
P43612,
P53965,
P25347,
Q03774,
P53235,
P36113,
Q06834,
P40328,
P34246,
Q01477,
P40479,
Q12245,
Q07794,
Q02939,
Q3E7C1,
Q12214,
Q02959,
Q04272,
Q3E840,
Q06505,
P40487,
Q03067,
Q99176,
Q05541,
P38632,
P14242,
P38207,
Q05567,
Q08032,
P26321,
P05750,
Q04511,
P40161,
Q3E835,
Q08686,
P25847,
P46674,
Q99299,
Q03281,
P54791,
P50874,
P47112,
P48365,
P47110,
Q12051,
Q12488,
P25638,
Q06407,
P69771,
Q12339,
P03872,
P50102,
P08640,
Q03707,
Q03034,
P53157,
P32191,
Q05050,
P38839,
P53088,
P41911,
Q02767,
P53904,
P43638,
P38335,
P07263,
P06208,
P40343,
P17891,
P35688,
Q07533,
P38636,
Q12434,
Q12109,
P54787,
P04802,
P20485,
P15624,
P25375,
Q04432,
P38818,
P53058,
P38200,
P46670,
Q12369,
P50275,
P11709,
P53865,
Q05955,
Q05166,
P40457,
P17119,
P08638,
P39678,
P07249,
P32354,
Q04673,
Q07084,
Q12129,
P52593,
P38856,
P07273,
P14064,
P48412,
Q12288,
Q05863,
Q12026,
Q01476,
P32773,
P53858,
Q08562,
P42845,
P46679,
P41805,
P15436,
P31380,
P38314,
P53893,
P53837,
Q12461,
P34228,
P24784,
Q05543,
Q04119,
P40212,
P26786,
P40559,
Q08873,
P05759,
P32526,
Q06616,
Q08457,
Q08702,
Q04751,
P24309,
P54730,
P47116,
P38170,
P32862,
Q12530,
P38879,
Q02642,
Q04847,
Q03220,
P50278,
Q07938,
Q02890,
P21269,
P49775,
P43582,
P36023,
P53727,
P34219,
P40570,
P53604,
Q04792,
Q12275,
P36157,
Q07549,
Q04322,
P39945,
Q03770,
Q12515,
Q12436,
Q03656,
P32525,
P43123,
P47152,
P35209,
P48562,
P40583,
P87283,
P40505,
Q05670,
Q05031,
P36080,
P47049,
Q12744,
P38867,
Q03088,
Q12280,
O13564,
Q03831,
P06785,
P38791,
P53106,
Q03900,
P32579,
Q12194,
P36083,
Q02754,
P46974,
P53177,
P38716,
P53749,
P32572,
P39083,
P33314,
Q02891,
Q03557,
P14737,
P48566,
P46151,
P40063,
Q06216,
P33895,
P32489,
P21192,
Q05672,
P25370,
Q12115,
O14455,
P52491,
P36022,
Q08581,
P40957,
P40014,
Q06179,
P28743,
P47149,
P53148,
P39703,
P53724,
P23250,
Q06098,
Q12333,
Q08293,
Q12362,
Q03233,
Q06188,
Q05779,
P36038,
P53340,
P43579,
Q03904,
Q12047,
Q07505,
P38311,
Q06821,
Q06813,
P47033,
P43595,
P38183,
P49167,
Q12045,
P20095,
Q08964,
Q08961,
Q08952,
Q08498,
P49089,
O13566,
P35195,
P53312,
Q12261,
Q08270,
P53061,
P29539,
P35201,
P36012,
P40568,
P38210,
P34232,
Q00453,
P33411,
Q12192,
P22936,
P53397,
Q08932,
P34161,
P31115,
O13297,
P07269,
P34072,
P40317,
P21657,
P39720,
P38934,
P09201,
Q12254,
P36090,
P32841,
P43580,
P38139,
Q02831,
P40323,
P33317,
P53300,
P19657,
Q12089,
Q08909,
P24720,
Q08207,
Q08774,
P53720,
P36151,
Q08750,
Q08746,
Q04162,
Q12305,
Q08741,
P07884,
Q08729,
P00912,
Q08641,
Q12283,
P17558,
P32786,
Q04066,
Q02521,
Q08533,
Q03083,
Q12324,
P42840,
P43548,
P50264,
P40455,
Q12023,
Q08438,
Q08419,
Q07800,
Q03219,
Q12094,
Q12512,
Q08287,
Q12215,
P33734,
Q08240,
P33311,
Q99345,
Q08226,
P32656,
Q06709,
Q08213,
P47084,
P53741,
P38306,
P53725,
Q12179,
P32375,
P53864,
Q06672,
P36103,
P39975,
Q08474,
P38701,
Q03029,
Q05510,
Q07804,
Q04347,
Q12196,
P28777,
P38960,
O13519,
Q06127,
P36166,
P40519,
P38790,
P53047,
P53857,
P53862,
P53882,
Q03687,
Q99258,
P25659,
P53950,
Q04598,
P41948,
Q03703,
P36058,
P47138,
P47092,
P38911,
P53009,
P40546,
P28626,
Q03652,
P18899,
Q03792,
P40214,
Q03175,
Q03151,
Q04304,
Q12506,
Q08742,
Q12453,
Q08503,
Q03695,
Q06053,
Q12418,
Q04712,
P10834,
P53250,
P25563,
Q03446,
P07267,
P24813,
P38315,
P38220,
P38124,
P38173,
Q04364,
Q12099,
P53101,
Q03124,
P53330,
P04650,
Q01846,
P54005,
Q04178,
P53615,
P53718,
P53975,
P53284,
Q05902,
P53060,
Q07897,
P53942,
Q08108,
Q12127,
P32900,
Q12507,
Q08428,
Q08206,
Q05789,
P32335,
Q02203,
P20049,
P33315,
P38070,
Q06204,
P18634,
P36112,
O13545,
Q02873,
Q02783,
P43558,
P25627,
O94084,
O13554,
Q06489,
P40162,
P40211,
Q03629,
P47105,
P42951,
P40365,
P40476,
P53077,
P43615,
Q07535,
Q12057,
Q12400,
Q03559,
Q07951,
P15700,
P38865,
P45820,
P38269,
O13577,
Q05637,
P38172,
P46988,
Q02983,
Q08216,
P47184,
Q05905,
P53912,
P38833,
Q07843,
P33330,
P53258,
Q08058,
P48238,
P24000,
O13531,
Q12327,
P40309,
P40895,
P38260,
P36137,
P38340,
P38361,
Q04502,
P47136,
P14180,
O13582,
P39708,
Q05809,
Q02725,
Q06263,
Q12291,
Q6B0W2,
Q12455,
P43633,
P05738,
P53274,
P47156,
Q07927,
P36167,
Q07987,
P40057,
P39983,
P87280,
P38073,
P38362,
P53332,
P38240,
P39965,
P36003,
P24871,
Q08182,
Q05776,
P40576,
P00899,
P19097,
P38167,
Q04052,
P18852,
P43611,
Q05790,
Q04213,
P40467,
P46958,
Q12471,
P38927,
P53339,
P53873,
Q02046,
P38769,
Q06891,
P53190,
P53012,
P38195,
P18898,
P25620,
Q00947,
P33199,
P40560,
P38296,
Q03730,
P38343,
P40556,
P36526,
P40167,
P47161,
P36081,
P38738,
Q02651,
P33893,
P52290,
Q12473,
Q12229,
P53124,
P25566,
P25332,
P43637,
Q07990,
O13574,
Q06567,
Q03718,
P36136,
P34249,
Q03823,
Q12325,
P53240,
P32770,
Q02256,
Q99373,
P38225,
P35127,
O13568,
Q12219,
P39875,
P20051,
O13579,
P32469,
Q12354,
Q12247,
P47132,
P53162,
Q02771,
P40001,
Q04344,
Q12408,
P38294,
P38246,
P27654,
P34224,
P38190,
P39550,
P87281,
Q08687,
P53239,
P25617,
Q07716,
Q07729,
Q05610,
P43618,
P40187,
P40459,
Q03787,
Q12121,
P17261,
P53838,
P38836,
P33894,
Q04991,
P47114,
P40152,
Q07895,
Q12003,
Q12301,
P53747,
P53273,
Q04329,
P34756,
P38329,
P38142,
P18962,
P32493,
Q12218,
Q12116,
P47127,
Q12128,
P87272,
P53970,
P53211,
O13517,
P40154,
Q08045,
Q08259,
Q03205,
P43568,
P38876,
P25603,
Q08521,
Q02685,
P40993,
Q04773,
Q12385,
Q06350,
Q06408,
Q04033,
P53745,
P87269,
Q04100,
P33442,
Q08646,
P47020,
P38188,
P43610,
P49435,
Q04533,
P54000,
Q04299,
Q04471,
P36159,
P38226,
Q04406,
P38141,
P53183,
P36153,
P53737,
Q12143,
P40065,
Q08756,
Q99318,
Q08958,
Q12207,
P47012,
P32644,
P10356,
P39956,
P40101,
P46959,
Q08872,
P38727,
Q07655,
Q05611,
Q04412,
P39932,
P38824,
P43591,
P53126,
P87266,
P53909,
P32781,
P32859,
P53143,
P33890,
P40525,
Q08789,
P53209,
P53217,
P41902,
Q12108,
P53229,
P53241,
Q02721,
Q12049,
Q06820,
P53296,
P47058,
P50089,
P53732,
P38770,
P47073,
P43537,
P38786,
P40096,
P53293,
P38086,
Q03508,
P33751,
P43599,
P53726,
Q07629,
Q12012,
P40353,
Q03208,
Q06162,
P53175,
P38284,
P48569,
Q12454,
Q05530,
P47188,
P32789,
P47119,
P36064,
Q7LIF2,
P32351,
Q03788,
P53219,
P22135,
P34238,
Q12130,
Q03102,
P38849,
P38860,
Q12497,
P38868,
Q05015,
Q08816,
P38350,
P25562,
P40492,
Q06390,
P40569,
P40897,
P47096,
P39557,
P07253,
Q12378,
P36027,
P40965,
P32450,
P34226,
Q12244,
P38268,
P40491,
P35184,
Q07555,
P40524,
P39532,
P50078,
P53840,
P38907,
Q02932,
P54199,
P53067,
P32559,
Q00711,
P31385,
P20133,
P25369,
P53212,
P39732,
P34250,
P36119,
Q12342,
Q08673,
Q06010,
P14126,
P53960,
Q12427,
P53961,
Q03705,
P23394,
P34239,
P53086,
P38970,
P25270,
P53115,
P41818,
P22146,
P34163,
Q06211,
Q12373,
P47143,
P40156,
Q03942,
P38148,
Q08972,
P53289,
Q12532,
Q01080,
P38732,
P04076,
P36007,
P25572,
P38271,
Q02961,
Q03516,
Q03640,
P47002,
Q03795,
P33749,
P39967,
Q06132,
Q07825,
P35732,
P39721,
Q03722,
P18408,
P38850,
Q05812,
P47123,
Q08956,
P53687,
P34243,
Q12494,
Q03503,
P47029,
P25381,
P22007,
P47043,
Q06149,
P25378,
Q05947,
Q01589,
P49017,
Q03144,
P19881,
Q03920,
P38303,
Q12489,
Q12178,
Q12240,
Q03525,
P53899,
P53066,
Q08726,
P36097,
P38710,
P38360,
Q03214,
O13583,
Q06106,
P07702,
P36070,
P42826,
P38628,
P28005,
P53010,
P38175,
P53874,
P53166,
O75012,
P28778,
P38336,
P53218,
P32336,
Q04007,
P43616,
Q99177,
P36044,
P38985,
Q06339,
Q12308,
Q04806,
P33336,
Q03750,
P39713,
P47039,
P47089,
Q08822,
P39531,
P50082,
Q12361,
Q03661,
Q07509,
P03875,
P08067,
P25351,
P53915,
P47144,
P50276,
P42833,
Q12407,
Q03289,
P38928,
P39709,
Q04949,
P35724,
P36035,
P46996,
P15365,
P19807,
P47111,
P15454,
P53105,
P54074,
P25578,
Q12406,
P33748,
P36054,
P33309,
P08459,
Q02209,
P32788,
Q99382,
O13558,
Q04978,
Q03649,
P40342,
Q12242,
P53921,
Q12082,
Q12264,
P47053,
Q12336,
Q07914,
P53910,
Q06177,
P53272,
Q12041,
P52492,
Q12416,
P31386,
Q3E829,
Q12146,
P36105,
P10664,
P38858,
Q12182,
Q01448,
Q04089,
P34233,
P53854,
Q05854,
P38904,
P47118,
P46997,
Q06214,
P39943,
Q06596,
P22108,
P53836,
P53102,
P53940,
P20447,
P47174,
P53866,
P38253,
Q04930,
Q02749,
Q03760,
P40498,
P22516,
P53307,
Q08421,
P36088,
Q04383,
Q07923,
P40489,
P01149,
P32604,
P32874,
Q03430,
Q06143,
Q12122,
P43635,
Q04401,
P43122,
P47140,
Q08818,
P32785,
Q06563,
P23493,
Q12375,
P38812,
P35731,
O13578,
P38702,
Q05892,
P32875,
P47094,
P36066,
Q08202,
Q07872,
P25355,
Q08908,
Q08930,
Q08018,
P30402,
P53980,
O13575,
P47032,
P53245,
O13562,
P53234,
P40049,
P32775,
Q08979,
P38066,
P38177,
P43534,
P40586,
P80210,
P08465,
Q05468,
P87288,
Q08811,
P06776,
P40011,
P47044,
P53308,
P07807,
Q12486,
Q08232,
Q12326,
Q06688,
Q08118,
P40157,
Q05788,
Q12256,
Q08300,
Q12189,
Q12366,
P40543,
P53967,
O13549,
P38912,
P36025,
P53826,
P47126,
P21373,
Q04734,
Q04212,
P40083,
O13548,
P06115,
P53891,
Q05881,
Q07978,
Q06695,
P40210,
P53913,
P53379,
P05739,
Q07738,
P36169,
Q07649,
P36154,
P41057,
P37264,
Q06674,
O94085,
P53825,
P47157,
P40520,
P40536,
P40545,
Q04093,
P53872,
O13573,
P34251,
P36092,
Q07410,
P40580,
P38841,
Q06412,
Q08222,
P38854,
Q12367,
Q06247,
Q12500,
P36004,
Q07881,
P40851,
P39973,
P25577,
