Identifier A,Identifier B,Interaction,negative_source,left_partition_size,right_partition_size
P00447,P23337,1,,,
P00812,P38822,1,,,
P00830,P06701,1,,,
P00830,P06843,1,,,
P00830,P12753,1,,,
P00830,P16522,1,,,
P00830,P21304,1,,,
P00830,P22216,1,,,
P00830,P24719,1,,,
P00830,P25342,1,,,
P00830,P32468,1,,,
P00830,P39743,1,,,
P00830,P61829,1,,,
P00830,P81449,1,,,
P00830,Q12446,1,,,
P00927,P25454,1,,,
P02829,P04821,1,,,
P02829,P12753,1,,,
P02829,P15442,1,,,
P02829,P23561,1,,,
P02829,P25638,1,,,
P02829,P32468,1,,,
P02829,P32797,1,,,
P02829,Q08601,1,,,
P03962,P25367,1,,,
P04386,P04387,1,,,
P04807,P25342,1,,,
P04807,P39743,1,,,
P04821,P38272,1,,,
P05453,P30771,1,,,
P05453,P31539,1,,,
P05453,P53617,1,,,
P05453,Q92331,1,,,
P06700,P11978,1,,,
P06700,P54786,1,,,
P06700,Q00684,1,,,
P06701,P09938,1,,,
P06701,P11978,1,,,
P06701,P15992,1,,,
P06701,P17709,1,,,
P06701,P32861,1,,,
P06701,P54786,1,,,
P06778,P25454,1,,,
P06778,Q12306,1,,,
P06782,P11075,1,,,
P06782,P12904,1,,,
P06782,P24719,1,,,
P06782,P40151,1,,,
P06782,P46954,1,,,
P06786,P32458,1,,,
P06786,P34730,1,,,
P06786,P43639,1,,,
P06786,Q12159,1,,,
P06786,Q12306,1,,,
P06843,P16522,1,,,
P06843,P17709,1,,,
P06843,P43639,1,,,
P07270,Q02939,1,,,
P07272,P32796,1,,,
P08638,P16522,1,,,
P08964,Q06410,1,,,
P09201,Q00582,1,,,
P09798,P16522,1,,,
P09798,P38042,1,,,
P09798,P53886,1,,,
P09798,Q12440,1,,,
P09938,P21524,1,,,
P0C0X0,P39998,1,,,
P10862,P21264,1,,,
P10862,P32849,1,,,
P10862,P57743,1,,,
P11075,P14291,1,,,
P11746,Q12020,1,,,
P11978,P15992,1,,,
P11978,P34730,1,,,
P11978,P54786,1,,,
P12753,P16474,1,,,
P12753,P32829,1,,,
P12753,P32908,1,,,
P12753,P46946,1,,,
P12753,Q04477,1,,,
P12904,P34730,1,,,
P12904,P43639,1,,,
P12904,P47129,1,,,
P12904,Q00684,1,,,
P14291,P20050,1,,,
P14291,P31111,1,,,
P14291,P50623,1,,,
P14291,Q12306,1,,,
P14741,P15992,1,,,
P14741,P21264,1,,,
P14741,P32505,1,,,
P14741,P40089,1,,,
P14741,P47017,1,,,
P14741,Q12329,1,,,
P14904,P15992,1,,,
P14904,P19262,1,,,
P15873,P17709,1,,,
P15873,P43605,1,,,
P15992,P16649,1,,,
P15992,P21304,1,,,
P15992,P25342,1,,,
P15992,P32458,1,,,
P15992,P32468,1,,,
P15992,P39928,1,,,
P15992,Q00684,1,,,
P15992,Q04477,1,,,
P16474,P22216,1,,,
P16474,P24719,1,,,
P16474,P32361,1,,,
P16474,P32797,1,,,
P16474,P39743,1,,,
P16474,P41695,1,,,
P16474,Q04477,1,,,
P16522,P33419,1,,,
P16522,P38042,1,,,
P16522,P53886,1,,,
P16522,Q12440,1,,,
P16649,Q02100,1,,,
P17065,P32389,1,,,
P17106,P22216,1,,,
P17106,P32389,1,,,
P17106,P32504,1,,,
P17106,P40969,1,,,
P17106,Q06675,1,,,
P17555,P39743,1,,,
P17709,P25342,1,,,
P17709,P38272,1,,,
P17709,P39743,1,,,
P17709,Q00684,1,,,
P19262,P20967,1,,,
P19262,P38822,1,,,
P19262,P39743,1,,,
P19262,Q06410,1,,,
P19262,Q12306,1,,,
P21264,P53895,1,,,
P21304,P32908,1,,,
P21374,P32523,1,,,
P21374,Q03654,1,,,
P21374,Q04048,1,,,
P21524,Q08601,1,,,
P22216,P32797,1,,,
P22216,P34730,1,,,
P22216,P40969,1,,,
P22216,P47037,1,,,
P22804,Q03860,1,,,
P23337,P47011,1,,,
P23561,P32917,1,,,
P23561,P41697,1,,,
P23561,P47017,1,,,
P24279,P29469,1,,,
P24279,Q12306,1,,,
P24719,Q12329,1,,,
P25293,Q12159,1,,,
P25293,Q12263,1,,,
P25342,P32458,1,,,
P25342,P32468,1,,,
P25342,P34730,1,,,
P25342,Q12263,1,,,
P25454,P50623,1,,,
P25454,Q12306,1,,,
P26343,Q04411,1,,,
P27515,P47115,1,,,
P27515,Q12084,1,,,
P27515,Q12306,1,,,
P27895,P39723,1,,,
P28743,P33419,1,,,
P28795,P80667,1,,,
P29340,Q05568,1,,,
P29469,Q12306,1,,,
P30771,P47017,1,,,
P30822,P32618,1,,,
P30822,P39723,1,,,
P30822,P39998,1,,,
P30822,P47129,1,,,
P30822,Q12390,1,,,
P31111,Q12306,1,,,
P32458,P32468,1,,,
P32458,P50623,1,,,
P32458,P54786,1,,,
P32458,Q04921,1,,,
P32458,Q12134,1,,,
P32458,Q12263,1,,,
P32458,Q12329,1,,,
P32468,P38272,1,,,
P32468,P38339,1,,,
P32468,P38785,1,,,
P32468,P40460,1,,,
P32468,Q04477,1,,,
P32468,Q12263,1,,,
P32523,Q03654,1,,,
P32523,Q04048,1,,,
P32618,P47037,1,,,
P32618,P53253,1,,,
P32618,Q03954,1,,,
P32618,Q07457,1,,,
P32628,Q02939,1,,,
P32639,P57743,1,,,
P32796,P35056,1,,,
P32796,P40202,1,,,
P32797,Q12306,1,,,
P32829,P46946,1,,,
P32829,P53971,1,,,
P32861,P39743,1,,,
P32861,P40316,1,,,
P32861,Q12446,1,,,
P32908,P36094,1,,,
P32908,P40460,1,,,
P32908,P40957,1,,,
P32908,P47037,1,,,
P32908,P53253,1,,,
P32908,Q03954,1,,,
P32908,Q04477,1,,,
P32908,Q07457,1,,,
P32908,Q12306,1,,,
P33338,P39743,1,,,
P33338,Q12134,1,,,
P33338,Q12446,1,,,
P33419,P36094,1,,,
P33419,P38822,1,,,
P33419,P52891,1,,,
P33419,Q06410,1,,,
P33419,Q12365,1,,,
P33420,P38822,1,,,
P33420,P38930,1,,,
P33420,P40460,1,,,
P33420,Q06410,1,,,
P34730,P39928,1,,,
P34730,Q00684,1,,,
P34730,Q03898,1,,,
P35056,P53112,1,,,
P35056,P80667,1,,,
P35191,P38523,1,,,
P35191,P39743,1,,,
P35191,P40054,1,,,
P36036,Q12159,1,,,
P36068,P38272,1,,,
P36068,P40485,1,,,
P36068,P53971,1,,,
P38042,P53886,1,,,
P38042,Q12440,1,,,
P38147,P40054,1,,,
P38147,P40316,1,,,
P38147,P47017,1,,,
P38247,Q00582,1,,,
P38339,Q05080,1,,,
P38339,Q12446,1,,,
P38523,Q05580,1,,,
P38523,Q06410,1,,,
P38748,P53253,1,,,
P38785,P54786,1,,,
P38785,Q05080,1,,,
P38822,P39996,1,,,
P38822,P43605,1,,,
P38822,P53184,1,,,
P38822,Q00582,1,,,
P38822,Q04048,1,,,
P38822,Q06704,1,,,
P38822,Q12154,1,,,
P38822,Q12446,1,,,
P38853,P39723,1,,,
P38874,P42935,1,,,
P38874,Q02884,1,,,
P38874,Q02908,1,,,
P38874,Q04868,1,,,
P38874,Q06706,1,,,
P38930,P43639,1,,,
P39007,P41543,1,,,
P39007,P46964,1,,,
P39081,Q06410,1,,,
P39081,Q12102,1,,,
P39081,Q12159,1,,,
P39113,P46954,1,,,
P39723,Q06440,1,,,
P39743,P39928,1,,,
P39743,P40325,1,,,
P39743,P47129,1,,,
P39743,Q12134,1,,,
P39743,Q12446,1,,,
P39929,P52917,1,,,
P39929,P80667,1,,,
P39929,Q12033,1,,,
P39996,P40582,1,,,
P39998,Q12020,1,,,
P40054,Q05580,1,,,
P40073,Q03790,1,,,
P40073,Q05080,1,,,
P40073,Q12446,1,,,
P40089,P47017,1,,,
P40089,P57743,1,,,
P40316,P52891,1,,,
P40460,Q03954,1,,,
P40460,Q04477,1,,,
P40582,Q12066,1,,,
P40963,Q04003,1,,,
P40969,P50623,1,,,
P41543,P46964,1,,,
P41921,P52891,1,,,
P42935,Q02884,1,,,
P42935,Q02908,1,,,
P42935,Q04868,1,,,
P42935,Q06706,1,,,
P47017,P57743,1,,,
P47025,P54861,1,,,
P47037,Q07457,1,,,
P47095,Q06410,1,,,
P48361,Q03818,1,,,
P50623,Q12306,1,,,
P52917,Q12033,1,,,
P53112,P80667,1,,,
P53112,Q12334,1,,,
P53886,Q12440,1,,,
P80667,Q05568,1,,,
Q00684,Q12329,1,,,
Q02884,Q02908,1,,,
Q02884,Q04868,1,,,
Q02884,Q06706,1,,,
Q02908,Q04868,1,,,
Q02908,Q06706,1,,,
Q02939,Q3E7C1,1,,,
Q03654,Q04048,1,,,
Q03654,Q06410,1,,,
Q03790,Q06169,1,,,
Q03818,Q12306,1,,,
Q03954,Q12263,1,,,
Q04868,Q06706,1,,,
Q05080,Q06410,1,,,
Q05080,Q12446,1,,,
Q05791,Q06708,1,,,
Q06169,Q12066,1,,,
Q07457,Q08581,1,,,
Q08601,Q12329,1,,,
Q12329,Q12446,1,,,
Q12446,Q92331,1,,,
P00447,Q12306,0,bipartite_non_edge,169.0,155.0
P00812,P23561,0,bipartite_non_edge,169.0,155.0
P00830,P32628,0,bipartite_non_edge,169.0,155.0
P00830,P40316,0,bipartite_non_edge,169.0,155.0
P00830,P47017,0,bipartite_non_edge,169.0,155.0
P00830,P47115,0,bipartite_non_edge,169.0,155.0
P00927,P42935,0,bipartite_non_edge,169.0,155.0
P02829,P09798,0,bipartite_non_edge,169.0,155.0
P02829,P32504,0,bipartite_non_edge,169.0,155.0
P02829,P32917,0,bipartite_non_edge,169.0,155.0
P02829,Q02884,0,bipartite_non_edge,169.0,155.0
P02829,Q12159,0,bipartite_non_edge,169.0,155.0
P04386,Q03654,0,bipartite_non_edge,169.0,155.0
P04387,P39081,0,bipartite_non_edge,169.0,155.0
P04387,P57743,0,bipartite_non_edge,169.0,155.0
P04807,P05453,0,bipartite_non_edge,169.0,155.0
P04821,P09798,0,bipartite_non_edge,169.0,155.0
P04821,P39743,0,bipartite_non_edge,169.0,155.0
P04821,P40202,0,bipartite_non_edge,169.0,155.0
P05453,P06782,0,bipartite_non_edge,169.0,155.0
P05453,P20967,0,bipartite_non_edge,169.0,155.0
P05453,P24279,0,bipartite_non_edge,169.0,155.0
P05453,P38853,0,bipartite_non_edge,169.0,155.0
P05453,P40089,0,bipartite_non_edge,169.0,155.0
P05453,P52917,0,bipartite_non_edge,169.0,155.0
P05453,P54786,0,bipartite_non_edge,169.0,155.0
P05453,Q04868,0,bipartite_non_edge,169.0,155.0
P06700,P07270,0,bipartite_non_edge,169.0,155.0
P06700,P22216,0,bipartite_non_edge,169.0,155.0
P06700,P32639,0,bipartite_non_edge,169.0,155.0
P06700,P32849,0,bipartite_non_edge,169.0,155.0
P06701,P10862,0,bipartite_non_edge,169.0,155.0
P06701,P32389,0,bipartite_non_edge,169.0,155.0
P06701,P40151,0,bipartite_non_edge,169.0,155.0
P06701,P43605,0,bipartite_non_edge,169.0,155.0
P06778,P15442,0,bipartite_non_edge,169.0,155.0
P06778,P39113,0,bipartite_non_edge,169.0,155.0
P06778,P47017,0,bipartite_non_edge,169.0,155.0
P06782,P32458,0,bipartite_non_edge,169.0,155.0
P06782,P35056,0,bipartite_non_edge,169.0,155.0
P06782,P38874,0,bipartite_non_edge,169.0,155.0
P06782,P43605,0,bipartite_non_edge,169.0,155.0
P06786,P43605,0,bipartite_non_edge,169.0,155.0
P06786,P47011,0,bipartite_non_edge,169.0,155.0
P06786,Q02100,0,bipartite_non_edge,169.0,155.0
P06786,Q03954,0,bipartite_non_edge,169.0,155.0
P06786,Q12084,0,bipartite_non_edge,169.0,155.0
P06843,P25638,0,bipartite_non_edge,169.0,155.0
P06843,Q12134,0,bipartite_non_edge,169.0,155.0
P06843,Q12159,0,bipartite_non_edge,169.0,155.0
P07270,P15873,0,bipartite_non_edge,169.0,155.0
P07270,Q3E7C1,0,bipartite_non_edge,169.0,155.0
P07272,P23337,0,bipartite_non_edge,169.0,155.0
P07272,P31111,0,bipartite_non_edge,169.0,155.0
P07272,P43605,0,bipartite_non_edge,169.0,155.0
P07272,Q06706,0,bipartite_non_edge,169.0,155.0
P07272,Q12390,0,bipartite_non_edge,169.0,155.0
P08638,P39998,0,bipartite_non_edge,169.0,155.0
P08964,P22216,0,bipartite_non_edge,169.0,155.0
P08964,P33420,0,bipartite_non_edge,169.0,155.0
P08964,Q02939,0,bipartite_non_edge,169.0,155.0
P08964,Q12066,0,bipartite_non_edge,169.0,155.0
P09201,Q12263,0,bipartite_non_edge,169.0,155.0
P09798,P09938,0,bipartite_non_edge,169.0,155.0
P09798,P39743,0,bipartite_non_edge,169.0,155.0
P09938,P16649,0,bipartite_non_edge,169.0,155.0
P09938,P24719,0,bipartite_non_edge,169.0,155.0
P09938,P40963,0,bipartite_non_edge,169.0,155.0
P10862,P23337,0,bipartite_non_edge,169.0,155.0
P11075,P40089,0,bipartite_non_edge,169.0,155.0
P11075,P40316,0,bipartite_non_edge,169.0,155.0
P11746,P38272,0,bipartite_non_edge,169.0,155.0
P11746,P47037,0,bipartite_non_edge,169.0,155.0
P11978,P31111,0,bipartite_non_edge,169.0,155.0
P11978,P32505,0,bipartite_non_edge,169.0,155.0
P11978,P32797,0,bipartite_non_edge,169.0,155.0
P11978,Q12102,0,bipartite_non_edge,169.0,155.0
P12753,P14741,0,bipartite_non_edge,169.0,155.0
P12904,Q03790,0,bipartite_non_edge,169.0,155.0
P14291,P15992,0,bipartite_non_edge,169.0,155.0
P14291,P35056,0,bipartite_non_edge,169.0,155.0
P14291,P53886,0,bipartite_non_edge,169.0,155.0
P14741,P32468,0,bipartite_non_edge,169.0,155.0
P14741,P39996,0,bipartite_non_edge,169.0,155.0
P14741,P47025,0,bipartite_non_edge,169.0,155.0
P14741,P47095,0,bipartite_non_edge,169.0,155.0
P14741,Q02100,0,bipartite_non_edge,169.0,155.0
P14904,P27515,0,bipartite_non_edge,169.0,155.0
P14904,P38785,0,bipartite_non_edge,169.0,155.0
P14904,Q00684,0,bipartite_non_edge,169.0,155.0
P14904,Q05080,0,bipartite_non_edge,169.0,155.0
P15442,P57743,0,bipartite_non_edge,169.0,155.0
P15873,P22216,0,bipartite_non_edge,169.0,155.0
P15873,P53184,0,bipartite_non_edge,169.0,155.0
P15873,P57743,0,bipartite_non_edge,169.0,155.0
P15873,Q07457,0,bipartite_non_edge,169.0,155.0
P15873,Q12390,0,bipartite_non_edge,169.0,155.0
P15992,P32908,0,bipartite_non_edge,169.0,155.0
P15992,P47095,0,bipartite_non_edge,169.0,155.0
P15992,Q03818,0,bipartite_non_edge,169.0,155.0
P15992,Q12134,0,bipartite_non_edge,169.0,155.0
P16474,P43639,0,bipartite_non_edge,169.0,155.0
P16474,Q12154,0,bipartite_non_edge,169.0,155.0
P16522,P28795,0,bipartite_non_edge,169.0,155.0
P16522,P32849,0,bipartite_non_edge,169.0,155.0
P16522,Q04003,0,bipartite_non_edge,169.0,155.0
P16649,P24279,0,bipartite_non_edge,169.0,155.0
P16649,P38272,0,bipartite_non_edge,169.0,155.0
P16649,P39743,0,bipartite_non_edge,169.0,155.0
P17065,P17709,0,bipartite_non_edge,169.0,155.0
P17065,P47037,0,bipartite_non_edge,169.0,155.0
P17106,P29469,0,bipartite_non_edge,169.0,155.0
P17106,P38272,0,bipartite_non_edge,169.0,155.0
P17106,Q03898,0,bipartite_non_edge,169.0,155.0
P17709,P27515,0,bipartite_non_edge,169.0,155.0
P17709,P31539,0,bipartite_non_edge,169.0,155.0
P17709,P40089,0,bipartite_non_edge,169.0,155.0
P17709,P48361,0,bipartite_non_edge,169.0,155.0
P17709,P80667,0,bipartite_non_edge,169.0,155.0
P17709,Q06440,0,bipartite_non_edge,169.0,155.0
P17709,Q12066,0,bipartite_non_edge,169.0,155.0
P19262,P43639,0,bipartite_non_edge,169.0,155.0
P20050,P47115,0,bipartite_non_edge,169.0,155.0
P20967,P35191,0,bipartite_non_edge,169.0,155.0
P21304,P38247,0,bipartite_non_edge,169.0,155.0
P21374,P29469,0,bipartite_non_edge,169.0,155.0
P21374,P38339,0,bipartite_non_edge,169.0,155.0
P21374,P39929,0,bipartite_non_edge,169.0,155.0
P21374,P40202,0,bipartite_non_edge,169.0,155.0
P21524,P40460,0,bipartite_non_edge,169.0,155.0
P21524,P41921,0,bipartite_non_edge,169.0,155.0
P21524,Q05568,0,bipartite_non_edge,169.0,155.0
P22216,Q12159,0,bipartite_non_edge,169.0,155.0
P22804,P53184,0,bipartite_non_edge,169.0,155.0
P22804,P53886,0,bipartite_non_edge,169.0,155.0
P22804,Q00684,0,bipartite_non_edge,169.0,155.0
P22804,Q12102,0,bipartite_non_edge,169.0,155.0
P23337,P25342,0,bipartite_non_edge,169.0,155.0
P23337,P38853,0,bipartite_non_edge,169.0,155.0
P23337,P47017,0,bipartite_non_edge,169.0,155.0
P23337,Q02939,0,bipartite_non_edge,169.0,155.0
P23337,Q07457,0,bipartite_non_edge,169.0,155.0
P23337,Q12390,0,bipartite_non_edge,169.0,155.0
P23561,P38822,0,bipartite_non_edge,169.0,155.0
P23561,P39928,0,bipartite_non_edge,169.0,155.0
P23561,P40151,0,bipartite_non_edge,169.0,155.0
P23561,P46946,0,bipartite_non_edge,169.0,155.0
P23561,P54861,0,bipartite_non_edge,169.0,155.0
P23561,Q05080,0,bipartite_non_edge,169.0,155.0
P24279,Q05580,0,bipartite_non_edge,169.0,155.0
P24279,Q12066,0,bipartite_non_edge,169.0,155.0
P24719,P25638,0,bipartite_non_edge,169.0,155.0
P24719,P38930,0,bipartite_non_edge,169.0,155.0
P24719,P41921,0,bipartite_non_edge,169.0,155.0
P24719,Q03860,0,bipartite_non_edge,169.0,155.0
P24719,Q05791,0,bipartite_non_edge,169.0,155.0
P25293,P35191,0,bipartite_non_edge,169.0,155.0
P25293,P61829,0,bipartite_non_edge,169.0,155.0
P25293,Q03654,0,bipartite_non_edge,169.0,155.0
P25293,Q03818,0,bipartite_non_edge,169.0,155.0
P25342,P36094,0,bipartite_non_edge,169.0,155.0
P25342,P53253,0,bipartite_non_edge,169.0,155.0
P25367,Q12033,0,bipartite_non_edge,169.0,155.0
P25454,P46954,0,bipartite_non_edge,169.0,155.0
P25638,P32361,0,bipartite_non_edge,169.0,155.0
P25638,P33419,0,bipartite_non_edge,169.0,155.0
P25638,P38339,0,bipartite_non_edge,169.0,155.0
P25638,P40460,0,bipartite_non_edge,169.0,155.0
P25638,P40963,0,bipartite_non_edge,169.0,155.0
P25638,P40969,0,bipartite_non_edge,169.0,155.0
P25638,P52891,0,bipartite_non_edge,169.0,155.0
P25638,Q03898,0,bipartite_non_edge,169.0,155.0
P26343,P40969,0,bipartite_non_edge,169.0,155.0
P26343,Q12329,0,bipartite_non_edge,169.0,155.0
P27515,P29340,0,bipartite_non_edge,169.0,155.0
P27515,P53895,0,bipartite_non_edge,169.0,155.0
P28743,Q06410,0,bipartite_non_edge,169.0,155.0
P28795,P33338,0,bipartite_non_edge,169.0,155.0
P29469,Q12440,0,bipartite_non_edge,169.0,155.0
P30771,P40151,0,bipartite_non_edge,169.0,155.0
P30771,Q03860,0,bipartite_non_edge,169.0,155.0
P30771,Q12154,0,bipartite_non_edge,169.0,155.0
P30822,P38147,0,bipartite_non_edge,169.0,155.0
P30822,P38272,0,bipartite_non_edge,169.0,155.0
P30822,P48361,0,bipartite_non_edge,169.0,155.0
P30822,P53886,0,bipartite_non_edge,169.0,155.0
P30822,Q04921,0,bipartite_non_edge,169.0,155.0
P30822,Q92331,0,bipartite_non_edge,169.0,155.0
P31111,P40151,0,bipartite_non_edge,169.0,155.0
P31111,P47095,0,bipartite_non_edge,169.0,155.0
P31111,P52917,0,bipartite_non_edge,169.0,155.0
P31111,Q03818,0,bipartite_non_edge,169.0,155.0
P31539,P32829,0,bipartite_non_edge,169.0,155.0
P31539,P43605,0,bipartite_non_edge,169.0,155.0
P31539,P47095,0,bipartite_non_edge,169.0,155.0
P32361,P32797,0,bipartite_non_edge,169.0,155.0
P32389,P38247,0,bipartite_non_edge,169.0,155.0
P32389,P41697,0,bipartite_non_edge,169.0,155.0
P32458,P39007,0,bipartite_non_edge,169.0,155.0
P32458,Q02908,0,bipartite_non_edge,169.0,155.0
P32468,P32639,0,bipartite_non_edge,169.0,155.0
P32468,Q00684,0,bipartite_non_edge,169.0,155.0
P32504,P39998,0,bipartite_non_edge,169.0,155.0
P32505,Q05568,0,bipartite_non_edge,169.0,155.0
P32618,P32628,0,bipartite_non_edge,169.0,155.0
P32628,P39928,0,bipartite_non_edge,169.0,155.0
P32639,P32796,0,bipartite_non_edge,169.0,155.0
P32796,P46964,0,bipartite_non_edge,169.0,155.0
P32796,P52891,0,bipartite_non_edge,169.0,155.0
P32796,Q06440,0,bipartite_non_edge,169.0,155.0
P32797,P32908,0,bipartite_non_edge,169.0,155.0
P32797,P33419,0,bipartite_non_edge,169.0,155.0
P32797,P42935,0,bipartite_non_edge,169.0,155.0
P32797,P53886,0,bipartite_non_edge,169.0,155.0
P32829,P43639,0,bipartite_non_edge,169.0,155.0
P32861,P48361,0,bipartite_non_edge,169.0,155.0
P32908,P38339,0,bipartite_non_edge,169.0,155.0
P32908,P39743,0,bipartite_non_edge,169.0,155.0
P32917,Q06410,0,bipartite_non_edge,169.0,155.0
P33338,P38042,0,bipartite_non_edge,169.0,155.0
P33338,P39081,0,bipartite_non_edge,169.0,155.0
P33338,P40325,0,bipartite_non_edge,169.0,155.0
P33338,P40957,0,bipartite_non_edge,169.0,155.0
P33338,P53184,0,bipartite_non_edge,169.0,155.0
P33338,Q04048,0,bipartite_non_edge,169.0,155.0
P33419,P42935,0,bipartite_non_edge,169.0,155.0
P33419,Q12066,0,bipartite_non_edge,169.0,155.0
P33420,P38147,0,bipartite_non_edge,169.0,155.0
P33420,P47025,0,bipartite_non_edge,169.0,155.0
P33420,Q06440,0,bipartite_non_edge,169.0,155.0
P33420,Q12159,0,bipartite_non_edge,169.0,155.0
P34730,P36036,0,bipartite_non_edge,169.0,155.0
P34730,P47095,0,bipartite_non_edge,169.0,155.0
P34730,Q02939,0,bipartite_non_edge,169.0,155.0
P35056,Q08601,0,bipartite_non_edge,169.0,155.0
P35191,Q00582,0,bipartite_non_edge,169.0,155.0
P35191,Q04477,0,bipartite_non_edge,169.0,155.0
P35191,Q05080,0,bipartite_non_edge,169.0,155.0
P35191,Q06675,0,bipartite_non_edge,169.0,155.0
P36036,P61829,0,bipartite_non_edge,169.0,155.0
P36068,P38042,0,bipartite_non_edge,169.0,155.0
P36068,P53886,0,bipartite_non_edge,169.0,155.0
P36094,Q04868,0,bipartite_non_edge,169.0,155.0
P38042,Q04921,0,bipartite_non_edge,169.0,155.0
P38042,Q12154,0,bipartite_non_edge,169.0,155.0
P38147,Q04868,0,bipartite_non_edge,169.0,155.0
P38147,Q12102,0,bipartite_non_edge,169.0,155.0
P38247,P39998,0,bipartite_non_edge,169.0,155.0
P38272,P53112,0,bipartite_non_edge,169.0,155.0
P38272,Q12102,0,bipartite_non_edge,169.0,155.0
P38339,Q03790,0,bipartite_non_edge,169.0,155.0
P38523,P40963,0,bipartite_non_edge,169.0,155.0
P38523,P47017,0,bipartite_non_edge,169.0,155.0
P38523,Q03790,0,bipartite_non_edge,169.0,155.0
P38822,P52917,0,bipartite_non_edge,169.0,155.0
P38822,Q07457,0,bipartite_non_edge,169.0,155.0
P38822,Q12033,0,bipartite_non_edge,169.0,155.0
P38874,P39996,0,bipartite_non_edge,169.0,155.0
P38874,P40582,0,bipartite_non_edge,169.0,155.0
P38874,Q04048,0,bipartite_non_edge,169.0,155.0
P38874,Q12329,0,bipartite_non_edge,169.0,155.0
P38930,P40202,0,bipartite_non_edge,169.0,155.0
P38930,Q03654,0,bipartite_non_edge,169.0,155.0
P39007,Q04003,0,bipartite_non_edge,169.0,155.0
P39081,P40316,0,bipartite_non_edge,169.0,155.0
P39081,P43639,0,bipartite_non_edge,169.0,155.0
P39081,Q00684,0,bipartite_non_edge,169.0,155.0
P39081,Q12365,0,bipartite_non_edge,169.0,155.0
P39113,P40073,0,bipartite_non_edge,169.0,155.0
P39113,P57743,0,bipartite_non_edge,169.0,155.0
P39113,Q02908,0,bipartite_non_edge,169.0,155.0
P39723,P46964,0,bipartite_non_edge,169.0,155.0
P39723,P53971,0,bipartite_non_edge,169.0,155.0
P39723,Q12390,0,bipartite_non_edge,169.0,155.0
P39743,Q03818,0,bipartite_non_edge,169.0,155.0
P39743,Q06169,0,bipartite_non_edge,169.0,155.0
P39743,Q12334,0,bipartite_non_edge,169.0,155.0
P39928,P47095,0,bipartite_non_edge,169.0,155.0
P39928,P54786,0,bipartite_non_edge,169.0,155.0
P39929,P39998,0,bipartite_non_edge,169.0,155.0
P39996,P48361,0,bipartite_non_edge,169.0,155.0
P39996,P81449,0,bipartite_non_edge,169.0,155.0
P40054,Q03898,0,bipartite_non_edge,169.0,155.0
P40073,P40316,0,bipartite_non_edge,169.0,155.0
P40073,P52891,0,bipartite_non_edge,169.0,155.0
P40073,Q3E7C1,0,bipartite_non_edge,169.0,155.0
P40089,Q12066,0,bipartite_non_edge,169.0,155.0
P40151,P47017,0,bipartite_non_edge,169.0,155.0
P40316,P46946,0,bipartite_non_edge,169.0,155.0
P40316,P47011,0,bipartite_non_edge,169.0,155.0
P40316,P53895,0,bipartite_non_edge,169.0,155.0
P40316,Q08581,0,bipartite_non_edge,169.0,155.0
P40325,P47011,0,bipartite_non_edge,169.0,155.0
P40460,P41921,0,bipartite_non_edge,169.0,155.0
P40460,Q02939,0,bipartite_non_edge,169.0,155.0
P40963,Q00582,0,bipartite_non_edge,169.0,155.0
P40963,Q05580,0,bipartite_non_edge,169.0,155.0
P40963,Q06706,0,bipartite_non_edge,169.0,155.0
P40963,Q12334,0,bipartite_non_edge,169.0,155.0
P40969,P54861,0,bipartite_non_edge,169.0,155.0
P40969,Q02100,0,bipartite_non_edge,169.0,155.0
P41543,Q04868,0,bipartite_non_edge,169.0,155.0
P46946,P54786,0,bipartite_non_edge,169.0,155.0
P46964,P53971,0,bipartite_non_edge,169.0,155.0
P47017,Q03790,0,bipartite_non_edge,169.0,155.0
P47037,Q03790,0,bipartite_non_edge,169.0,155.0
P47037,Q03898,0,bipartite_non_edge,169.0,155.0
P47037,Q12066,0,bipartite_non_edge,169.0,155.0
P47095,Q12084,0,bipartite_non_edge,169.0,155.0
P47129,Q12084,0,bipartite_non_edge,169.0,155.0
P52891,Q03898,0,bipartite_non_edge,169.0,155.0
P52891,Q06169,0,bipartite_non_edge,169.0,155.0
P52917,Q03818,0,bipartite_non_edge,169.0,155.0
P53112,Q04868,0,bipartite_non_edge,169.0,155.0
P53253,Q12440,0,bipartite_non_edge,169.0,155.0
P53895,Q05791,0,bipartite_non_edge,169.0,155.0
P53971,Q06410,0,bipartite_non_edge,169.0,155.0
P54861,Q03860,0,bipartite_non_edge,169.0,155.0
P57743,Q04868,0,bipartite_non_edge,169.0,155.0
Q02100,Q06410,0,bipartite_non_edge,169.0,155.0
Q02884,Q04003,0,bipartite_non_edge,169.0,155.0
Q02884,Q12334,0,bipartite_non_edge,169.0,155.0
Q02908,Q05080,0,bipartite_non_edge,169.0,155.0
Q02908,Q06410,0,bipartite_non_edge,169.0,155.0
Q02908,Q12390,0,bipartite_non_edge,169.0,155.0
Q03654,Q06704,0,bipartite_non_edge,169.0,155.0
Q03790,Q12446,0,bipartite_non_edge,169.0,155.0
Q04411,Q05568,0,bipartite_non_edge,169.0,155.0
Q04477,Q06169,0,bipartite_non_edge,169.0,155.0
Q05791,Q06410,0,bipartite_non_edge,169.0,155.0
Q06410,Q12154,0,bipartite_non_edge,169.0,155.0
Q06440,Q12334,0,bipartite_non_edge,169.0,155.0
Q06440,Q12440,0,bipartite_non_edge,169.0,155.0
Q06706,Q06708,0,bipartite_non_edge,169.0,155.0
