Identifier A,Identifier B,Interaction,negative_source,config_probability,degree_a,degree_b,common_neighbor_count,l3_path_count,shortest_path_distance
P00447,P23337,1,,,,,,,
P00812,P38822,1,,,,,,,
P00830,P06701,1,,,,,,,
P00830,P06843,1,,,,,,,
P00830,P12753,1,,,,,,,
P00830,P16522,1,,,,,,,
P00830,P21304,1,,,,,,,
P00830,P22216,1,,,,,,,
P00830,P24719,1,,,,,,,
P00830,P25342,1,,,,,,,
P00830,P32468,1,,,,,,,
P00830,P39743,1,,,,,,,
P00830,P61829,1,,,,,,,
P00830,P81449,1,,,,,,,
P00830,Q12446,1,,,,,,,
P00927,P25454,1,,,,,,,
P02829,P04821,1,,,,,,,
P02829,P12753,1,,,,,,,
P02829,P15442,1,,,,,,,
P02829,P23561,1,,,,,,,
P02829,P25638,1,,,,,,,
P02829,P32468,1,,,,,,,
P02829,P32797,1,,,,,,,
P02829,Q08601,1,,,,,,,
P03962,P25367,1,,,,,,,
P04386,P04387,1,,,,,,,
P04807,P25342,1,,,,,,,
P04807,P39743,1,,,,,,,
P04821,P38272,1,,,,,,,
P05453,P30771,1,,,,,,,
P05453,P31539,1,,,,,,,
P05453,P53617,1,,,,,,,
P05453,Q92331,1,,,,,,,
P06700,P11978,1,,,,,,,
P06700,P54786,1,,,,,,,
P06700,Q00684,1,,,,,,,
P06701,P09938,1,,,,,,,
P06701,P11978,1,,,,,,,
P06701,P15992,1,,,,,,,
P06701,P17709,1,,,,,,,
P06701,P32861,1,,,,,,,
P06701,P54786,1,,,,,,,
P06778,P25454,1,,,,,,,
P06778,Q12306,1,,,,,,,
P06782,P11075,1,,,,,,,
P06782,P12904,1,,,,,,,
P06782,P24719,1,,,,,,,
P06782,P40151,1,,,,,,,
P06782,P46954,1,,,,,,,
P06786,P32458,1,,,,,,,
P06786,P34730,1,,,,,,,
P06786,P43639,1,,,,,,,
P06786,Q12159,1,,,,,,,
P06786,Q12306,1,,,,,,,
P06843,P16522,1,,,,,,,
P06843,P17709,1,,,,,,,
P06843,P43639,1,,,,,,,
P07270,Q02939,1,,,,,,,
P07272,P32796,1,,,,,,,
P08638,P16522,1,,,,,,,
P08964,Q06410,1,,,,,,,
P09201,Q00582,1,,,,,,,
P09798,P16522,1,,,,,,,
P09798,P38042,1,,,,,,,
P09798,P53886,1,,,,,,,
P09798,Q12440,1,,,,,,,
P09938,P21524,1,,,,,,,
P0C0X0,P39998,1,,,,,,,
P10862,P21264,1,,,,,,,
P10862,P32849,1,,,,,,,
P10862,P57743,1,,,,,,,
P11075,P14291,1,,,,,,,
P11746,Q12020,1,,,,,,,
P11978,P15992,1,,,,,,,
P11978,P34730,1,,,,,,,
P11978,P54786,1,,,,,,,
P12753,P16474,1,,,,,,,
P12753,P32829,1,,,,,,,
P12753,P32908,1,,,,,,,
P12753,P46946,1,,,,,,,
P12753,Q04477,1,,,,,,,
P12904,P34730,1,,,,,,,
P12904,P43639,1,,,,,,,
P12904,P47129,1,,,,,,,
P12904,Q00684,1,,,,,,,
P14291,P20050,1,,,,,,,
P14291,P31111,1,,,,,,,
P14291,P50623,1,,,,,,,
P14291,Q12306,1,,,,,,,
P14741,P15992,1,,,,,,,
P14741,P21264,1,,,,,,,
P14741,P32505,1,,,,,,,
P14741,P40089,1,,,,,,,
P14741,P47017,1,,,,,,,
P14741,Q12329,1,,,,,,,
P14904,P15992,1,,,,,,,
P14904,P19262,1,,,,,,,
P15873,P17709,1,,,,,,,
P15873,P43605,1,,,,,,,
P15992,P16649,1,,,,,,,
P15992,P21304,1,,,,,,,
P15992,P25342,1,,,,,,,
P15992,P32458,1,,,,,,,
P15992,P32468,1,,,,,,,
P15992,P39928,1,,,,,,,
P15992,Q00684,1,,,,,,,
P15992,Q04477,1,,,,,,,
P16474,P22216,1,,,,,,,
P16474,P24719,1,,,,,,,
P16474,P32361,1,,,,,,,
P16474,P32797,1,,,,,,,
P16474,P39743,1,,,,,,,
P16474,P41695,1,,,,,,,
P16474,Q04477,1,,,,,,,
P16522,P33419,1,,,,,,,
P16522,P38042,1,,,,,,,
P16522,P53886,1,,,,,,,
P16522,Q12440,1,,,,,,,
P16649,Q02100,1,,,,,,,
P17065,P32389,1,,,,,,,
P17106,P22216,1,,,,,,,
P17106,P32389,1,,,,,,,
P17106,P32504,1,,,,,,,
P17106,P40969,1,,,,,,,
P17106,Q06675,1,,,,,,,
P17555,P39743,1,,,,,,,
P17709,P25342,1,,,,,,,
P17709,P38272,1,,,,,,,
P17709,P39743,1,,,,,,,
P17709,Q00684,1,,,,,,,
P19262,P20967,1,,,,,,,
P19262,P38822,1,,,,,,,
P19262,P39743,1,,,,,,,
P19262,Q06410,1,,,,,,,
P19262,Q12306,1,,,,,,,
P21264,P53895,1,,,,,,,
P21304,P32908,1,,,,,,,
P21374,P32523,1,,,,,,,
P21374,Q03654,1,,,,,,,
P21374,Q04048,1,,,,,,,
P21524,Q08601,1,,,,,,,
P22216,P32797,1,,,,,,,
P22216,P34730,1,,,,,,,
P22216,P40969,1,,,,,,,
P22216,P47037,1,,,,,,,
P22804,Q03860,1,,,,,,,
P23337,P47011,1,,,,,,,
P23561,P32917,1,,,,,,,
P23561,P41697,1,,,,,,,
P23561,P47017,1,,,,,,,
P24279,P29469,1,,,,,,,
P24279,Q12306,1,,,,,,,
P24719,Q12329,1,,,,,,,
P25293,Q12159,1,,,,,,,
P25293,Q12263,1,,,,,,,
P25342,P32458,1,,,,,,,
P25342,P32468,1,,,,,,,
P25342,P34730,1,,,,,,,
P25342,Q12263,1,,,,,,,
P25454,P50623,1,,,,,,,
P25454,Q12306,1,,,,,,,
P26343,Q04411,1,,,,,,,
P27515,P47115,1,,,,,,,
P27515,Q12084,1,,,,,,,
P27515,Q12306,1,,,,,,,
P27895,P39723,1,,,,,,,
P28743,P33419,1,,,,,,,
P28795,P80667,1,,,,,,,
P29340,Q05568,1,,,,,,,
P29469,Q12306,1,,,,,,,
P30771,P47017,1,,,,,,,
P30822,P32618,1,,,,,,,
P30822,P39723,1,,,,,,,
P30822,P39998,1,,,,,,,
P30822,P47129,1,,,,,,,
P30822,Q12390,1,,,,,,,
P31111,Q12306,1,,,,,,,
P32458,P32468,1,,,,,,,
P32458,P50623,1,,,,,,,
P32458,P54786,1,,,,,,,
P32458,Q04921,1,,,,,,,
P32458,Q12134,1,,,,,,,
P32458,Q12263,1,,,,,,,
P32458,Q12329,1,,,,,,,
P32468,P38272,1,,,,,,,
P32468,P38339,1,,,,,,,
P32468,P38785,1,,,,,,,
P32468,P40460,1,,,,,,,
P32468,Q04477,1,,,,,,,
P32468,Q12263,1,,,,,,,
P32523,Q03654,1,,,,,,,
P32523,Q04048,1,,,,,,,
P32618,P47037,1,,,,,,,
P32618,P53253,1,,,,,,,
P32618,Q03954,1,,,,,,,
P32618,Q07457,1,,,,,,,
P32628,Q02939,1,,,,,,,
P32639,P57743,1,,,,,,,
P32796,P35056,1,,,,,,,
P32796,P40202,1,,,,,,,
P32797,Q12306,1,,,,,,,
P32829,P46946,1,,,,,,,
P32829,P53971,1,,,,,,,
P32861,P39743,1,,,,,,,
P32861,P40316,1,,,,,,,
P32861,Q12446,1,,,,,,,
P32908,P36094,1,,,,,,,
P32908,P40460,1,,,,,,,
P32908,P40957,1,,,,,,,
P32908,P47037,1,,,,,,,
P32908,P53253,1,,,,,,,
P32908,Q03954,1,,,,,,,
P32908,Q04477,1,,,,,,,
P32908,Q07457,1,,,,,,,
P32908,Q12306,1,,,,,,,
P33338,P39743,1,,,,,,,
P33338,Q12134,1,,,,,,,
P33338,Q12446,1,,,,,,,
P33419,P36094,1,,,,,,,
P33419,P38822,1,,,,,,,
P33419,P52891,1,,,,,,,
P33419,Q06410,1,,,,,,,
P33419,Q12365,1,,,,,,,
P33420,P38822,1,,,,,,,
P33420,P38930,1,,,,,,,
P33420,P40460,1,,,,,,,
P33420,Q06410,1,,,,,,,
P34730,P39928,1,,,,,,,
P34730,Q00684,1,,,,,,,
P34730,Q03898,1,,,,,,,
P35056,P53112,1,,,,,,,
P35056,P80667,1,,,,,,,
P35191,P38523,1,,,,,,,
P35191,P39743,1,,,,,,,
P35191,P40054,1,,,,,,,
P36036,Q12159,1,,,,,,,
P36068,P38272,1,,,,,,,
P36068,P40485,1,,,,,,,
P36068,P53971,1,,,,,,,
P38042,P53886,1,,,,,,,
P38042,Q12440,1,,,,,,,
P38147,P40054,1,,,,,,,
P38147,P40316,1,,,,,,,
P38147,P47017,1,,,,,,,
P38247,Q00582,1,,,,,,,
P38339,Q05080,1,,,,,,,
P38339,Q12446,1,,,,,,,
P38523,Q05580,1,,,,,,,
P38523,Q06410,1,,,,,,,
P38748,P53253,1,,,,,,,
P38785,P54786,1,,,,,,,
P38785,Q05080,1,,,,,,,
P38822,P39996,1,,,,,,,
P38822,P43605,1,,,,,,,
P38822,P53184,1,,,,,,,
P38822,Q00582,1,,,,,,,
P38822,Q04048,1,,,,,,,
P38822,Q06704,1,,,,,,,
P38822,Q12154,1,,,,,,,
P38822,Q12446,1,,,,,,,
P38853,P39723,1,,,,,,,
P38874,P42935,1,,,,,,,
P38874,Q02884,1,,,,,,,
P38874,Q02908,1,,,,,,,
P38874,Q04868,1,,,,,,,
P38874,Q06706,1,,,,,,,
P38930,P43639,1,,,,,,,
P39007,P41543,1,,,,,,,
P39007,P46964,1,,,,,,,
P39081,Q06410,1,,,,,,,
P39081,Q12102,1,,,,,,,
P39081,Q12159,1,,,,,,,
P39113,P46954,1,,,,,,,
P39723,Q06440,1,,,,,,,
P39743,P39928,1,,,,,,,
P39743,P40325,1,,,,,,,
P39743,P47129,1,,,,,,,
P39743,Q12134,1,,,,,,,
P39743,Q12446,1,,,,,,,
P39929,P52917,1,,,,,,,
P39929,P80667,1,,,,,,,
P39929,Q12033,1,,,,,,,
P39996,P40582,1,,,,,,,
P39998,Q12020,1,,,,,,,
P40054,Q05580,1,,,,,,,
P40073,Q03790,1,,,,,,,
P40073,Q05080,1,,,,,,,
P40073,Q12446,1,,,,,,,
P40089,P47017,1,,,,,,,
P40089,P57743,1,,,,,,,
P40316,P52891,1,,,,,,,
P40460,Q03954,1,,,,,,,
P40460,Q04477,1,,,,,,,
P40582,Q12066,1,,,,,,,
P40963,Q04003,1,,,,,,,
P40969,P50623,1,,,,,,,
P41543,P46964,1,,,,,,,
P41921,P52891,1,,,,,,,
P42935,Q02884,1,,,,,,,
P42935,Q02908,1,,,,,,,
P42935,Q04868,1,,,,,,,
P42935,Q06706,1,,,,,,,
P47017,P57743,1,,,,,,,
P47025,P54861,1,,,,,,,
P47037,Q07457,1,,,,,,,
P47095,Q06410,1,,,,,,,
P48361,Q03818,1,,,,,,,
P50623,Q12306,1,,,,,,,
P52917,Q12033,1,,,,,,,
P53112,P80667,1,,,,,,,
P53112,Q12334,1,,,,,,,
P53886,Q12440,1,,,,,,,
P80667,Q05568,1,,,,,,,
Q00684,Q12329,1,,,,,,,
Q02884,Q02908,1,,,,,,,
Q02884,Q04868,1,,,,,,,
Q02884,Q06706,1,,,,,,,
Q02908,Q04868,1,,,,,,,
Q02908,Q06706,1,,,,,,,
Q02939,Q3E7C1,1,,,,,,,
Q03654,Q04048,1,,,,,,,
Q03654,Q06410,1,,,,,,,
Q03790,Q06169,1,,,,,,,
Q03818,Q12306,1,,,,,,,
Q03954,Q12263,1,,,,,,,
Q04868,Q06706,1,,,,,,,
Q05080,Q06410,1,,,,,,,
Q05080,Q12446,1,,,,,,,
Q05791,Q06708,1,,,,,,,
Q06169,Q12066,1,,,,,,,
Q07457,Q08581,1,,,,,,,
Q08601,Q12329,1,,,,,,,
Q12329,Q12446,1,,,,,,,
Q12446,Q92331,1,,,,,,,
P28743,P39113,0,topology_cl3,0.0014970059880239522,1.0,1.0,0.0,0.0,-1.0
P08964,Q3E7C1,0,topology_cl3,0.0014970059880239522,1.0,1.0,0.0,0.0,-1.0
P47115,Q12365,0,topology_cl3,0.0014970059880239522,1.0,1.0,0.0,0.0,6.0
P40963,Q06440,0,topology_cl3,0.0014970059880239522,1.0,1.0,0.0,0.0,-1.0
P25638,P48361,0,topology_cl3,0.0014970059880239522,1.0,1.0,0.0,0.0,5.0
P27895,Q12084,0,topology_cl3,0.0014970059880239522,1.0,1.0,0.0,0.0,-1.0
P08638,P15442,0,topology_cl3,0.0014970059880239522,1.0,1.0,0.0,0.0,5.0
P54861,Q12334,0,topology_cl3,0.0014970059880239522,1.0,1.0,0.0,0.0,-1.0
P03962,Q12390,0,topology_cl3,0.0014970059880239522,1.0,1.0,0.0,0.0,-1.0
P32628,Q05791,0,topology_cl3,0.0014970059880239522,1.0,1.0,0.0,0.0,-1.0
P40202,P41695,0,topology_cl3,0.0014970059880239522,1.0,1.0,0.0,0.0,-1.0
P25638,P38247,0,topology_cl3,0.0014970059880239522,1.0,1.0,0.0,0.0,-1.0
P09201,P32628,0,topology_cl3,0.0014970059880239522,1.0,1.0,0.0,0.0,-1.0
P00927,Q12154,0,topology_cl3,0.0014970059880239522,1.0,1.0,0.0,0.0,5.0
P27895,P54861,0,topology_cl3,0.0014970059880239522,1.0,1.0,0.0,0.0,-1.0
P41695,Q3E7C1,0,topology_cl3,0.0014970059880239522,1.0,1.0,0.0,0.0,-1.0
P20967,Q12390,0,topology_cl3,0.0014970059880239522,1.0,1.0,0.0,0.0,5.0
P25638,Q04411,0,topology_cl3,0.0014970059880239522,1.0,1.0,0.0,0.0,-1.0
P40957,Q05791,0,topology_cl3,0.0014970059880239522,1.0,1.0,0.0,0.0,-1.0
P20050,Q12390,0,topology_cl3,0.0014970059880239522,1.0,1.0,0.0,0.0,-1.0
P00447,P40957,0,topology_cl3,0.0014970059880239522,1.0,1.0,0.0,0.0,-1.0
P03962,Q12154,0,topology_cl3,0.0014970059880239522,1.0,1.0,0.0,0.0,-1.0
P26343,P40202,0,topology_cl3,0.0014970059880239522,1.0,1.0,0.0,0.0,-1.0
P00447,P36036,0,topology_cl3,0.0014970059880239522,1.0,1.0,0.0,0.0,-1.0
Q06440,Q08581,0,topology_cl3,0.0014970059880239522,1.0,1.0,0.0,0.0,5.0
P27895,Q03898,0,topology_cl3,0.0014970059880239522,1.0,1.0,0.0,0.0,6.0
P53184,Q03860,0,topology_cl3,0.0014970059880239522,1.0,1.0,0.0,0.0,-1.0
P0C0X0,Q04921,0,topology_cl3,0.0014970059880239522,1.0,1.0,0.0,0.0,-1.0
P40485,Q08581,0,topology_cl3,0.0014970059880239522,1.0,1.0,0.0,0.0,-1.0
P22804,P32504,0,topology_cl3,0.0014970059880239522,1.0,1.0,0.0,0.0,-1.0
P00447,Q08581,0,topology_cl3,0.0014970059880239522,1.0,1.0,0.0,0.0,-1.0
P15442,P32504,0,topology_cl3,0.0014970059880239522,1.0,1.0,0.0,0.0,5.0
P40151,P48361,0,topology_cl3,0.0014970059880239522,1.0,1.0,0.0,0.0,6.0
P08964,P26343,0,topology_cl3,0.0014970059880239522,1.0,1.0,0.0,0.0,-1.0
P53895,Q3E7C1,0,topology_cl3,0.0014970059880239522,1.0,1.0,0.0,0.0,-1.0
P25638,Q04003,0,topology_cl3,0.0014970059880239522,1.0,1.0,0.0,0.0,-1.0
P38853,Q04921,0,topology_cl3,0.0014970059880239522,1.0,1.0,0.0,0.0,-1.0
P20967,P26343,0,topology_cl3,0.0014970059880239522,1.0,1.0,0.0,0.0,-1.0
P20050,P40325,0,topology_cl3,0.0014970059880239522,1.0,1.0,0.0,0.0,5.0
P38748,P54861,0,topology_cl3,0.0014970059880239522,1.0,1.0,0.0,0.0,-1.0
P38853,Q12154,0,topology_cl3,0.0014970059880239522,1.0,1.0,0.0,0.0,-1.0
P38748,Q02100,0,topology_cl3,0.0014970059880239522,1.0,1.0,0.0,0.0,6.0
P11746,Q03898,0,topology_cl3,0.0014970059880239522,1.0,1.0,0.0,0.0,-1.0
P40151,Q06675,0,topology_cl3,0.0014970059880239522,1.0,1.0,0.0,0.0,6.0
P25367,Q03898,0,topology_cl3,0.0014970059880239522,1.0,1.0,0.0,0.0,-1.0
P20967,P53895,0,topology_cl3,0.0014970059880239522,1.0,1.0,0.0,0.0,6.0
P28795,P38853,0,topology_cl3,0.0014970059880239522,1.0,1.0,0.0,0.0,-1.0
P40963,P53184,0,topology_cl3,0.0014970059880239522,1.0,1.0,0.0,0.0,-1.0
P54861,Q12102,0,topology_cl3,0.0014970059880239522,1.0,1.0,0.0,0.0,-1.0
P04387,P32917,0,topology_cl3,0.0014970059880239522,1.0,1.0,0.0,0.0,-1.0
P81449,Q04003,0,topology_cl3,0.0014970059880239522,1.0,1.0,0.0,0.0,-1.0
P81449,Q06675,0,topology_cl3,0.0014970059880239522,1.0,1.0,0.0,0.0,4.0
P47011,P48361,0,topology_cl3,0.0014970059880239522,1.0,1.0,0.0,0.0,-1.0
P08964,P36036,0,topology_cl3,0.0014970059880239522,1.0,1.0,0.0,0.0,4.0
P04386,P47025,0,topology_cl3,0.0014970059880239522,1.0,1.0,0.0,0.0,-1.0
P25367,P40963,0,topology_cl3,0.0014970059880239522,1.0,1.0,0.0,0.0,-1.0
P09201,P39113,0,topology_cl3,0.0014970059880239522,1.0,1.0,0.0,0.0,-1.0
P04386,P41921,0,topology_cl3,0.0014970059880239522,1.0,1.0,0.0,0.0,-1.0
P53617,Q03898,0,topology_cl3,0.0014970059880239522,1.0,1.0,0.0,0.0,-1.0
P07270,Q05791,0,topology_cl3,0.0014970059880239522,1.0,1.0,0.0,0.0,-1.0
P11746,P47115,0,topology_cl3,0.0014970059880239522,1.0,1.0,0.0,0.0,-1.0
P04387,P28795,0,topology_cl3,0.0014970059880239522,1.0,1.0,0.0,0.0,-1.0
P38853,P54861,0,topology_cl3,0.0014970059880239522,1.0,1.0,0.0,0.0,-1.0
P31539,P61829,0,topology_cl3,0.0014970059880239522,1.0,1.0,0.0,0.0,5.0
P28743,Q06440,0,topology_cl3,0.0014970059880239522,1.0,1.0,0.0,0.0,-1.0
P48361,Q04003,0,topology_cl3,0.0014970059880239522,1.0,1.0,0.0,0.0,-1.0
P20967,P28743,0,topology_cl3,0.0014970059880239522,1.0,1.0,0.0,0.0,4.0
P00812,P38853,0,topology_cl3,0.0014970059880239522,1.0,1.0,0.0,0.0,-1.0
P27895,P40957,0,topology_cl3,0.0014970059880239522,1.0,1.0,0.0,0.0,6.0
P11746,Q12390,0,topology_cl3,0.0014970059880239522,1.0,1.0,0.0,0.0,4.0
P47025,Q06440,0,topology_cl3,0.0014970059880239522,1.0,1.0,0.0,0.0,-1.0
P25638,P47115,0,topology_cl3,0.0014970059880239522,1.0,1.0,0.0,0.0,5.0
P40151,Q3E7C1,0,topology_cl3,0.0014970059880239522,1.0,1.0,0.0,0.0,-1.0
P40151,P61829,0,topology_cl3,0.0014970059880239522,1.0,1.0,0.0,0.0,4.0
P22804,P41697,0,topology_cl3,0.0014970059880239522,1.0,1.0,0.0,0.0,-1.0
P38853,Q06704,0,topology_cl3,0.0014970059880239522,1.0,1.0,0.0,0.0,-1.0
P32639,Q05791,0,topology_cl3,0.0014970059880239522,1.0,1.0,0.0,0.0,-1.0
P48361,P53184,0,topology_cl3,0.0014970059880239522,1.0,1.0,0.0,0.0,5.0
P81449,Q12084,0,topology_cl3,0.0014970059880239522,1.0,1.0,0.0,0.0,6.0
P40202,Q3E7C1,0,topology_cl3,0.0014970059880239522,1.0,1.0,0.0,0.0,-1.0
P32504,P32505,0,topology_cl3,0.0014970059880239522,1.0,1.0,0.0,0.0,-1.0
P04386,Q03898,0,topology_cl3,0.0014970059880239522,1.0,1.0,0.0,0.0,-1.0
P25367,P47095,0,topology_cl3,0.0014970059880239522,1.0,1.0,0.0,0.0,-1.0
P00927,Q12102,0,topology_cl3,0.0014970059880239522,1.0,1.0,0.0,0.0,6.0
P32361,P38853,0,topology_cl3,0.0014970059880239522,1.0,1.0,0.0,0.0,6.0
P00447,P47025,0,topology_cl3,0.0014970059880239522,1.0,1.0,0.0,0.0,-1.0
P41921,P53895,0,topology_cl3,0.0014970059880239522,1.0,1.0,0.0,0.0,-1.0
P17065,Q3E7C1,0,topology_cl3,0.0014970059880239522,1.0,1.0,0.0,0.0,-1.0
P04386,P40957,0,topology_cl3,0.0014970059880239522,1.0,1.0,0.0,0.0,-1.0
P38748,P61829,0,topology_cl3,0.0014970059880239522,1.0,1.0,0.0,0.0,5.0
P20050,P29340,0,topology_cl3,0.0014970059880239522,1.0,1.0,0.0,0.0,-1.0
P00447,P47115,0,topology_cl3,0.0014970059880239522,1.0,1.0,0.0,0.0,-1.0
P38748,P53184,0,topology_cl3,0.0014970059880239522,1.0,1.0,0.0,0.0,6.0
P40325,Q08581,0,topology_cl3,0.0014970059880239522,1.0,1.0,0.0,0.0,6.0
P00447,P22804,0,topology_cl3,0.0014970059880239522,1.0,1.0,0.0,0.0,-1.0
P26343,P32917,0,topology_cl3,0.0014970059880239522,1.0,1.0,0.0,0.0,-1.0
P40963,Q02100,0,topology_cl3,0.0014970059880239522,1.0,1.0,0.0,0.0,-1.0
P31539,Q12365,0,topology_cl3,0.0014970059880239522,1.0,1.0,0.0,0.0,6.0
P32639,Q12390,0,topology_cl3,0.0014970059880239522,1.0,1.0,0.0,0.0,-1.0
P40485,Q04003,0,topology_cl3,0.0014970059880239522,1.0,1.0,0.0,0.0,-1.0
P40957,P81449,0,topology_cl3,0.0014970059880239522,1.0,1.0,0.0,0.0,4.0
P0C0X0,P32628,0,topology_cl3,0.0014970059880239522,1.0,1.0,0.0,0.0,-1.0
P27895,P38748,0,topology_cl3,0.0014970059880239522,1.0,1.0,0.0,0.0,5.0
Q04411,Q12102,0,topology_cl3,0.0014970059880239522,1.0,1.0,0.0,0.0,-1.0
P11746,P38853,0,topology_cl3,0.0014970059880239522,1.0,1.0,0.0,0.0,5.0
P28743,P47025,0,topology_cl3,0.0014970059880239522,1.0,1.0,0.0,0.0,-1.0
P32361,P40957,0,topology_cl3,0.0014970059880239522,1.0,1.0,0.0,0.0,4.0
P17555,P47025,0,topology_cl3,0.0014970059880239522,1.0,1.0,0.0,0.0,-1.0
P11746,Q08581,0,topology_cl3,0.0014970059880239522,1.0,1.0,0.0,0.0,6.0
P04387,Q04003,0,topology_cl3,0.0014970059880239522,1.0,1.0,0.0,0.0,-1.0
P15442,P36036,0,topology_cl3,0.0014970059880239522,1.0,1.0,0.0,0.0,6.0
P07272,P25367,0,topology_cl3,0.0014970059880239522,1.0,1.0,0.0,0.0,-1.0
P0C0X0,P53184,0,topology_cl3,0.0014970059880239522,1.0,1.0,0.0,0.0,-1.0
P25638,P32505,0,topology_cl3,0.0014970059880239522,1.0,1.0,0.0,0.0,5.0
P17065,P25367,0,topology_cl3,0.0014970059880239522,1.0,1.0,0.0,0.0,-1.0
Q04411,Q08581,0,topology_cl3,0.0014970059880239522,1.0,1.0,0.0,0.0,-1.0
Q04003,Q05791,0,topology_cl3,0.0014970059880239522,1.0,1.0,0.0,0.0,-1.0
P25367,Q12084,0,topology_cl3,0.0014970059880239522,1.0,1.0,0.0,0.0,-1.0
P0C0X0,P38853,0,topology_cl3,0.0014970059880239522,1.0,1.0,0.0,0.0,4.0
P08964,P39113,0,topology_cl3,0.0014970059880239522,1.0,1.0,0.0,0.0,-1.0
P32639,Q12084,0,topology_cl3,0.0014970059880239522,1.0,1.0,0.0,0.0,-1.0
P08964,P61829,0,topology_cl3,0.0014970059880239522,1.0,1.0,0.0,0.0,5.0
P00927,Q02100,0,topology_cl3,0.0014970059880239522,1.0,1.0,0.0,0.0,6.0
P27895,P53617,0,topology_cl3,0.0014970059880239522,1.0,1.0,0.0,0.0,-1.0
P15442,P40963,0,topology_cl3,0.0014970059880239522,1.0,1.0,0.0,0.0,-1.0
P29340,P47095,0,topology_cl3,0.0014970059880239522,1.0,1.0,0.0,0.0,-1.0
P00927,P28743,0,topology_cl3,0.0014970059880239522,1.0,1.0,0.0,0.0,6.0
P27895,Q12334,0,topology_cl3,0.0014970059880239522,1.0,1.0,0.0,0.0,-1.0
P32504,P47025,0,topology_cl3,0.0014970059880239522,1.0,1.0,0.0,0.0,-1.0
P31539,P32505,0,topology_cl3,0.0014970059880239522,1.0,1.0,0.0,0.0,5.0
P48361,Q04921,0,topology_cl3,0.0014970059880239522,1.0,1.0,0.0,0.0,5.0
P31539,Q12334,0,topology_cl3,0.0014970059880239522,1.0,1.0,0.0,0.0,-1.0
P00447,P15442,0,topology_cl3,0.0014970059880239522,1.0,1.0,0.0,0.0,-1.0
P03962,P39113,0,topology_cl3,0.0014970059880239522,1.0,1.0,0.0,0.0,-1.0
P40202,P47025,0,topology_cl3,0.0014970059880239522,1.0,1.0,0.0,0.0,-1.0
P17065,P32917,0,topology_cl3,0.0014970059880239522,1.0,1.0,0.0,0.0,-1.0
P22804,Q12154,0,topology_cl3,0.0014970059880239522,1.0,1.0,0.0,0.0,-1.0
P15442,Q12154,0,topology_cl3,0.0014970059880239522,1.0,1.0,0.0,0.0,6.0
P11746,P20050,0,topology_cl3,0.0014970059880239522,1.0,1.0,0.0,0.0,-1.0
P03962,Q12365,0,topology_cl3,0.0014970059880239522,1.0,1.0,0.0,0.0,-1.0
P47011,Q04411,0,topology_cl3,0.0014970059880239522,1.0,1.0,0.0,0.0,-1.0
P32917,P47011,0,topology_cl3,0.0014970059880239522,1.0,1.0,0.0,0.0,-1.0
P17555,P25638,0,topology_cl3,0.0014970059880239522,1.0,1.0,0.0,0.0,5.0
P41695,Q06675,0,topology_cl3,0.0014970059880239522,1.0,1.0,0.0,0.0,4.0
P11746,P32361,0,topology_cl3,0.0014970059880239522,1.0,1.0,0.0,0.0,-1.0
P38247,P54861,0,topology_cl3,0.0014970059880239522,1.0,1.0,0.0,0.0,-1.0
P08638,P40957,0,topology_cl3,0.0014970059880239522,1.0,1.0,0.0,0.0,5.0
P81449,Q03860,0,topology_cl3,0.0014970059880239522,1.0,1.0,0.0,0.0,-1.0
P20050,Q12154,0,topology_cl3,0.0014970059880239522,1.0,1.0,0.0,0.0,5.0
P00927,P32639,0,topology_cl3,0.0014970059880239522,1.0,1.0,0.0,0.0,-1.0
P26343,P47115,0,topology_cl3,0.0014970059880239522,1.0,1.0,0.0,0.0,-1.0
P00447,Q12390,0,topology_cl3,0.0014970059880239522,1.0,1.0,0.0,0.0,-1.0
P32505,Q03860,0,topology_cl3,0.0014970059880239522,1.0,1.0,0.0,0.0,-1.0
P08638,Q05791,0,topology_cl3,0.0014970059880239522,1.0,1.0,0.0,0.0,-1.0
P00447,P53184,0,topology_cl3,0.0014970059880239522,1.0,1.0,0.0,0.0,-1.0
P31539,P40202,0,topology_cl3,0.0014970059880239522,1.0,1.0,0.0,0.0,-1.0
P32628,P47025,0,topology_cl3,0.0014970059880239522,1.0,1.0,0.0,0.0,-1.0
P07270,P41697,0,topology_cl3,0.0014970059880239522,1.0,1.0,0.0,0.0,-1.0
P08638,P17555,0,topology_cl3,0.0014970059880239522,1.0,1.0,0.0,0.0,4.0
P11746,P28743,0,topology_cl3,0.0014970059880239522,1.0,1.0,0.0,0.0,-1.0
P32504,Q12390,0,topology_cl3,0.0014970059880239522,1.0,1.0,0.0,0.0,6.0
P17555,P32628,0,topology_cl3,0.0014970059880239522,1.0,1.0,0.0,0.0,-1.0
P25367,Q12390,0,topology_cl3,0.0014970059880239522,1.0,1.0,0.0,0.0,-1.0
P53895,P81449,0,topology_cl3,0.0014970059880239522,1.0,1.0,0.0,0.0,6.0
P32504,Q05791,0,topology_cl3,0.0014970059880239522,1.0,1.0,0.0,0.0,-1.0
P32849,P61829,0,topology_cl3,0.0014970059880239522,1.0,1.0,0.0,0.0,-1.0
P17065,P47011,0,topology_cl3,0.0014970059880239522,1.0,1.0,0.0,0.0,-1.0
Q06675,Q12084,0,topology_cl3,0.0014970059880239522,1.0,1.0,0.0,0.0,6.0
P28743,P31539,0,topology_cl3,0.0014970059880239522,1.0,1.0,0.0,0.0,6.0
P28795,P31539,0,topology_cl3,0.0014970059880239522,1.0,1.0,0.0,0.0,-1.0
P32849,Q3E7C1,0,topology_cl3,0.0014970059880239522,1.0,1.0,0.0,0.0,-1.0
P40325,P41697,0,topology_cl3,0.0014970059880239522,1.0,1.0,0.0,0.0,6.0
P07272,Q12365,0,topology_cl3,0.0014970059880239522,1.0,1.0,0.0,0.0,-1.0
P20050,P40963,0,topology_cl3,0.0014970059880239522,1.0,1.0,0.0,0.0,-1.0
P40963,P41695,0,topology_cl3,0.0014970059880239522,1.0,1.0,0.0,0.0,-1.0
P08638,Q03860,0,topology_cl3,0.0014970059880239522,1.0,1.0,0.0,0.0,-1.0
P47115,P53184,0,topology_cl3,0.0014970059880239522,1.0,1.0,0.0,0.0,5.0
P32849,P40202,0,topology_cl3,0.0014970059880239522,1.0,1.0,0.0,0.0,-1.0
P40957,Q06675,0,topology_cl3,0.0014970059880239522,1.0,1.0,0.0,0.0,5.0
P39113,P40957,0,topology_cl3,0.0014970059880239522,1.0,1.0,0.0,0.0,-1.0
P40957,P47025,0,topology_cl3,0.0014970059880239522,1.0,1.0,0.0,0.0,-1.0
P81449,Q12334,0,topology_cl3,0.0014970059880239522,1.0,1.0,0.0,0.0,-1.0
P47115,P53617,0,topology_cl3,0.0014970059880239522,1.0,1.0,0.0,0.0,-1.0
P25638,P40957,0,topology_cl3,0.0014970059880239522,1.0,1.0,0.0,0.0,4.0
P40485,Q04921,0,topology_cl3,0.0014970059880239522,1.0,1.0,0.0,0.0,5.0
P28795,P54861,0,topology_cl3,0.0014970059880239522,1.0,1.0,0.0,0.0,-1.0
P32917,Q12084,0,topology_cl3,0.0014970059880239522,1.0,1.0,0.0,0.0,6.0
P47011,Q04921,0,topology_cl3,0.0014970059880239522,1.0,1.0,0.0,0.0,-1.0
P07272,P41921,0,topology_cl3,0.0014970059880239522,1.0,1.0,0.0,0.0,-1.0
P11746,Q06704,0,topology_cl3,0.0014970059880239522,1.0,1.0,0.0,0.0,-1.0
P39113,Q03860,0,topology_cl3,0.0014970059880239522,1.0,1.0,0.0,0.0,-1.0
P29340,P32849,0,topology_cl3,0.0014970059880239522,1.0,1.0,0.0,0.0,-1.0
Q06440,Q12084,0,topology_cl3,0.0014970059880239522,1.0,1.0,0.0,0.0,-1.0
P17065,P40485,0,topology_cl3,0.0014970059880239522,1.0,1.0,0.0,0.0,-1.0
P07272,P53184,0,topology_cl3,0.0014970059880239522,1.0,1.0,0.0,0.0,-1.0
P00927,Q06675,0,topology_cl3,0.0014970059880239522,1.0,1.0,0.0,0.0,5.0
P07270,P29340,0,topology_cl3,0.0014970059880239522,1.0,1.0,0.0,0.0,-1.0
P09201,Q06675,0,topology_cl3,0.0014970059880239522,1.0,1.0,0.0,0.0,-1.0
P48361,Q03898,0,topology_cl3,0.0014970059880239522,1.0,1.0,0.0,0.0,5.0
P54861,Q12084,0,topology_cl3,0.0014970059880239522,1.0,1.0,0.0,0.0,-1.0
Q02100,Q12154,0,topology_cl3,0.0014970059880239522,1.0,1.0,0.0,0.0,6.0
P40151,P53184,0,topology_cl3,0.0014970059880239522,1.0,1.0,0.0,0.0,6.0
P40963,P47011,0,topology_cl3,0.0014970059880239522,1.0,1.0,0.0,0.0,-1.0
P00447,P41697,0,topology_cl3,0.0014970059880239522,1.0,1.0,0.0,0.0,-1.0
P00447,Q05791,0,topology_cl3,0.0014970059880239522,1.0,1.0,0.0,0.0,-1.0
P08638,P53184,0,topology_cl3,0.0014970059880239522,1.0,1.0,0.0,0.0,4.0
P07270,P47115,0,topology_cl3,0.0014970059880239522,1.0,1.0,0.0,0.0,-1.0
P28743,Q03898,0,topology_cl3,0.0014970059880239522,1.0,1.0,0.0,0.0,6.0
P81449,Q06440,0,topology_cl3,0.0014970059880239522,1.0,1.0,0.0,0.0,6.0
P08638,P47115,0,topology_cl3,0.0014970059880239522,1.0,1.0,0.0,0.0,-1.0
P38748,P38853,0,topology_cl3,0.0014970059880239522,1.0,1.0,0.0,0.0,5.0
P32917,P41695,0,topology_cl3,0.0014970059880239522,1.0,1.0,0.0,0.0,5.0
P00447,P54861,0,topology_cl3,0.0014970059880239522,1.0,1.0,0.0,0.0,-1.0
P31539,Q04921,0,topology_cl3,0.0014970059880239522,1.0,1.0,0.0,0.0,6.0
P07272,Q12102,0,topology_cl3,0.0014970059880239522,1.0,1.0,0.0,0.0,-1.0
Q06440,Q06675,0,topology_cl3,0.0014970059880239522,1.0,1.0,0.0,0.0,-1.0
P27895,P31539,0,topology_cl3,0.0014970059880239522,1.0,1.0,0.0,0.0,-1.0
P40202,P61829,0,topology_cl3,0.0014970059880239522,1.0,1.0,0.0,0.0,-1.0
P11746,P32639,0,topology_cl3,0.0014970059880239522,1.0,1.0,0.0,0.0,-1.0
P32639,Q06675,0,topology_cl3,0.0014970059880239522,1.0,1.0,0.0,0.0,-1.0
P32849,P54861,0,topology_cl3,0.0014970059880239522,1.0,1.0,0.0,0.0,-1.0
P38853,Q12334,0,topology_cl3,0.0014970059880239522,1.0,1.0,0.0,0.0,-1.0
P08964,P28795,0,topology_cl3,0.0014970059880239522,1.0,1.0,0.0,0.0,-1.0
P27895,Q04003,0,topology_cl3,0.0014970059880239522,1.0,1.0,0.0,0.0,-1.0
Q12084,Q12154,0,topology_cl3,0.0014970059880239522,1.0,1.0,0.0,0.0,5.0
P32505,P32849,0,topology_cl3,0.0014970059880239522,1.0,1.0,0.0,0.0,4.0
P32505,Q12154,0,topology_cl3,0.0014970059880239522,1.0,1.0,0.0,0.0,5.0
P38247,Q12365,0,topology_cl3,0.0014970059880239522,1.0,1.0,0.0,0.0,4.0
P0C0X0,P40963,0,topology_cl3,0.0014970059880239522,1.0,1.0,0.0,0.0,-1.0
P36036,P53895,0,topology_cl3,0.0014970059880239522,1.0,1.0,0.0,0.0,-1.0
P31539,P32849,0,topology_cl3,0.0014970059880239522,1.0,1.0,0.0,0.0,6.0
P25367,P61829,0,topology_cl3,0.0014970059880239522,1.0,1.0,0.0,0.0,-1.0
P03962,Q06704,0,topology_cl3,0.0014970059880239522,1.0,1.0,0.0,0.0,-1.0
P26343,P29340,0,topology_cl3,0.0014970059880239522,1.0,1.0,0.0,0.0,-1.0
P48361,Q12365,0,topology_cl3,0.0014970059880239522,1.0,1.0,0.0,0.0,6.0
P28795,Q03860,0,topology_cl3,0.0014970059880239522,1.0,1.0,0.0,0.0,-1.0
P54861,Q3E7C1,0,topology_cl3,0.0014970059880239522,1.0,1.0,0.0,0.0,-1.0
P08638,Q06440,0,topology_cl3,0.0014970059880239522,1.0,1.0,0.0,0.0,-1.0
P32361,P40963,0,topology_cl3,0.0014970059880239522,1.0,1.0,0.0,0.0,-1.0
P38853,P39113,0,topology_cl3,0.0014970059880239522,1.0,1.0,0.0,0.0,-1.0
P26343,Q03860,0,topology_cl3,0.0014970059880239522,1.0,1.0,0.0,0.0,-1.0
P41695,P53617,0,topology_cl3,0.0014970059880239522,1.0,1.0,0.0,0.0,6.0
P04387,Q12365,0,topology_cl3,0.0014970059880239522,1.0,1.0,0.0,0.0,-1.0
P26343,Q12084,0,topology_cl3,0.0014970059880239522,1.0,1.0,0.0,0.0,-1.0
P26343,P53895,0,topology_cl3,0.0014970059880239522,1.0,1.0,0.0,0.0,-1.0
P08964,Q04921,0,topology_cl3,0.0014970059880239522,1.0,1.0,0.0,0.0,6.0
P22804,P25367,0,topology_cl3,0.0014970059880239522,1.0,1.0,0.0,0.0,-1.0
P40325,P54861,0,topology_cl3,0.0014970059880239522,1.0,1.0,0.0,0.0,-1.0
P40485,Q03898,0,topology_cl3,0.0014970059880239522,1.0,1.0,0.0,0.0,6.0
P08964,P40325,0,topology_cl3,0.0014970059880239522,1.0,1.0,0.0,0.0,4.0
P22804,P36036,0,topology_cl3,0.0014970059880239522,1.0,1.0,0.0,0.0,-1.0
P32628,P38853,0,topology_cl3,0.0014970059880239522,1.0,1.0,0.0,0.0,-1.0
P47025,Q12365,0,topology_cl3,0.0014970059880239522,1.0,1.0,0.0,0.0,-1.0
P07272,P20050,0,topology_cl3,0.0014970059880239522,1.0,1.0,0.0,0.0,-1.0
P0C0X0,P25638,0,topology_cl3,0.0014970059880239522,1.0,1.0,0.0,0.0,-1.0
P20967,P40957,0,topology_cl3,0.0014970059880239522,1.0,1.0,0.0,0.0,4.0
P08964,Q06440,0,topology_cl3,0.0014970059880239522,1.0,1.0,0.0,0.0,-1.0
P08964,Q04411,0,topology_cl3,0.0014970059880239522,1.0,1.0,0.0,0.0,-1.0
P15442,Q12102,0,topology_cl3,0.0014970059880239522,1.0,1.0,0.0,0.0,-1.0
P17555,Q03898,0,topology_cl3,0.0014970059880239522,1.0,1.0,0.0,0.0,4.0
Q12102,Q12365,0,topology_cl3,0.0014970059880239522,1.0,1.0,0.0,0.0,4.0
P08964,P15442,0,topology_cl3,0.0014970059880239522,1.0,1.0,0.0,0.0,6.0
P32917,P39113,0,topology_cl3,0.0014970059880239522,1.0,1.0,0.0,0.0,-1.0
P38748,Q12102,0,topology_cl3,0.0014970059880239522,1.0,1.0,0.0,0.0,-1.0
P38748,Q06704,0,topology_cl3,0.0014970059880239522,1.0,1.0,0.0,0.0,6.0
P04387,P53184,0,topology_cl3,0.0014970059880239522,1.0,1.0,0.0,0.0,-1.0
P32361,P54861,0,topology_cl3,0.0014970059880239522,1.0,1.0,0.0,0.0,-1.0
P26343,P81449,0,topology_cl3,0.0014970059880239522,1.0,1.0,0.0,0.0,-1.0
P11746,P36036,0,topology_cl3,0.0014970059880239522,1.0,1.0,0.0,0.0,-1.0
Q06708,Q08581,0,topology_cl3,0.0014970059880239522,1.0,1.0,0.0,0.0,-1.0
P00447,P29340,0,topology_cl3,0.0014970059880239522,1.0,1.0,0.0,0.0,-1.0
P38853,P41695,0,topology_cl3,0.0014970059880239522,1.0,1.0,0.0,0.0,6.0
P29340,P32361,0,topology_cl3,0.0014970059880239522,1.0,1.0,0.0,0.0,-1.0
P20967,P32849,0,topology_cl3,0.0014970059880239522,1.0,1.0,0.0,0.0,-1.0
P47095,Q06708,0,topology_cl3,0.0014970059880239522,1.0,1.0,0.0,0.0,-1.0
Q04411,Q3E7C1,0,topology_cl3,0.0014970059880239522,1.0,1.0,0.0,0.0,-1.0
P38748,P47095,0,topology_cl3,0.0014970059880239522,1.0,1.0,0.0,0.0,6.0
P09201,P15442,0,topology_cl3,0.0014970059880239522,1.0,1.0,0.0,0.0,-1.0
P26343,P47095,0,topology_cl3,0.0014970059880239522,1.0,1.0,0.0,0.0,-1.0
P38853,Q08581,0,topology_cl3,0.0014970059880239522,1.0,1.0,0.0,0.0,5.0
P48361,Q06675,0,topology_cl3,0.0014970059880239522,1.0,1.0,0.0,0.0,6.0
P32361,Q12084,0,topology_cl3,0.0014970059880239522,1.0,1.0,0.0,0.0,5.0
P36036,P61829,0,topology_cl3,0.0014970059880239522,1.0,1.0,0.0,0.0,6.0
P20050,P40485,0,topology_cl3,0.0014970059880239522,1.0,1.0,0.0,0.0,-1.0
P22804,Q12390,0,topology_cl3,0.0014970059880239522,1.0,1.0,0.0,0.0,-1.0
P27895,P40485,0,topology_cl3,0.0014970059880239522,1.0,1.0,0.0,0.0,-1.0
P04386,P54861,0,topology_cl3,0.0014970059880239522,1.0,1.0,0.0,0.0,-1.0
Q06704,Q08581,0,topology_cl3,0.0014970059880239522,1.0,1.0,0.0,0.0,6.0
P28795,P32628,0,topology_cl3,0.0014970059880239522,1.0,1.0,0.0,0.0,-1.0
P47011,Q12102,0,topology_cl3,0.0014970059880239522,1.0,1.0,0.0,0.0,-1.0
P09201,Q3E7C1,0,topology_cl3,0.0014970059880239522,1.0,1.0,0.0,0.0,-1.0
P04386,P81449,0,topology_cl3,0.0014970059880239522,1.0,1.0,0.0,0.0,-1.0
P36036,P47025,0,topology_cl3,0.0014970059880239522,1.0,1.0,0.0,0.0,-1.0
P41921,P47115,0,topology_cl3,0.0014970059880239522,1.0,1.0,0.0,0.0,-1.0
P17065,P47025,0,topology_cl3,0.0014970059880239522,1.0,1.0,0.0,0.0,-1.0
Q04003,Q12390,0,topology_cl3,0.0014970059880239522,1.0,1.0,0.0,0.0,-1.0
P38853,P53184,0,topology_cl3,0.0014970059880239522,1.0,1.0,0.0,0.0,-1.0
P28743,Q12365,0,topology_cl3,0.0014970059880239522,1.0,1.0,1.0,0.0,2.0
P28795,Q04921,0,topology_cl3,0.0014970059880239522,1.0,1.0,0.0,0.0,-1.0
P32504,P53895,0,topology_cl3,0.0014970059880239522,1.0,1.0,0.0,0.0,-1.0
P27895,P40151,0,topology_cl3,0.0014970059880239522,1.0,1.0,0.0,0.0,6.0
P25638,P47095,0,topology_cl3,0.0014970059880239522,1.0,1.0,0.0,0.0,6.0
P15442,Q02100,0,topology_cl3,0.0014970059880239522,1.0,1.0,0.0,0.0,5.0
P38748,Q12084,0,topology_cl3,0.0014970059880239522,1.0,1.0,0.0,0.0,5.0
P08638,P08964,0,topology_cl3,0.0014970059880239522,1.0,1.0,0.0,0.0,4.0
P15442,P53895,0,topology_cl3,0.0014970059880239522,1.0,1.0,0.0,0.0,6.0
P39113,P61829,0,topology_cl3,0.0014970059880239522,1.0,1.0,0.0,0.0,5.0
P03962,P40325,0,topology_cl3,0.0014970059880239522,1.0,1.0,0.0,0.0,-1.0
P07270,P08964,0,topology_cl3,0.0014970059880239522,1.0,1.0,0.0,0.0,-1.0
P11746,P20967,0,topology_cl3,0.0014970059880239522,1.0,1.0,0.0,0.0,-1.0
P47115,Q12334,0,topology_cl3,0.0014970059880239522,1.0,1.0,0.0,0.0,-1.0
P32849,P40151,0,topology_cl3,0.0014970059880239522,1.0,1.0,0.0,0.0,-1.0
P25367,Q06704,0,topology_cl3,0.0014970059880239522,1.0,1.0,0.0,0.0,-1.0
P31539,Q03898,0,topology_cl3,0.0014970059880239522,1.0,1.0,0.0,0.0,-1.0
P32849,Q04921,0,topology_cl3,0.0014970059880239522,1.0,1.0,0.0,0.0,6.0
P40151,P41921,0,topology_cl3,0.0014970059880239522,1.0,1.0,0.0,0.0,-1.0
P00927,Q04411,0,topology_cl3,0.0014970059880239522,1.0,1.0,0.0,0.0,-1.0
P53617,Q12334,0,topology_cl3,0.0014970059880239522,1.0,1.0,0.0,0.0,-1.0
Q06440,Q12365,0,topology_cl3,0.0014970059880239522,1.0,1.0,0.0,0.0,-1.0
P61829,Q12390,0,topology_cl3,0.0014970059880239522,1.0,1.0,0.0,0.0,5.0
P17555,P40202,0,topology_cl3,0.0014970059880239522,1.0,1.0,0.0,0.0,-1.0
P11746,P41695,0,topology_cl3,0.0014970059880239522,1.0,1.0,0.0,0.0,-1.0
P09201,P32505,0,topology_cl3,0.0014970059880239522,1.0,1.0,0.0,0.0,6.0
P81449,Q12365,0,topology_cl3,0.0014970059880239522,1.0,1.0,0.0,0.0,4.0
P03962,P40151,0,topology_cl3,0.0014970059880239522,1.0,1.0,0.0,0.0,-1.0
P53895,Q02100,0,topology_cl3,0.0014970059880239522,1.0,1.0,0.0,0.0,5.0
P40325,Q05791,0,topology_cl3,0.0014970059880239522,1.0,1.0,0.0,0.0,-1.0
P00447,P25367,0,topology_cl3,0.0014970059880239522,1.0,1.0,0.0,0.0,-1.0
P09201,P25638,0,topology_cl3,0.0014970059880239522,1.0,1.0,0.0,0.0,-1.0
P27895,Q06708,0,topology_cl3,0.0014970059880239522,1.0,1.0,0.0,0.0,-1.0
P40963,Q12154,0,topology_cl3,0.0014970059880239522,1.0,1.0,0.0,0.0,-1.0
P20050,Q04411,0,topology_cl3,0.0014970059880239522,1.0,1.0,0.0,0.0,-1.0
P07270,Q04411,0,topology_cl3,0.0014970059880239522,1.0,1.0,0.0,0.0,-1.0
P00447,P32505,0,topology_cl3,0.0014970059880239522,1.0,1.0,0.0,0.0,-1.0
